text,y_pred
回放CCTV2的消费主张,8
给我打开玩具房的灯,10
循环播放赵本山的小品相亲来听,3
15号上午10点带孩子去海洋馆的行程帮我制定下。,7
把智能扫地机器人关掉,10
帮我续播16集摩天大楼,8
放美国电影史密斯夫妇给我看,8
放刘禹锡的浪淘沙来听,5
查看6月6日是农历几月几号,9
放一个讲述美食的美国纪录片来看,1
周日上午10点左右陪妈妈逛街的行程提醒我一下。,7
刘德华翻唱过的经典老歌都有哪些，尤其是70年代的,5
看一下怎么去仙游有汽车还是火车那个快,2
非常6+1-2021-20节目想回看一下,4
收听频率是九七点四的中国歌曲排行榜,6
明天下午的备忘录请给我全部关闭，不要让它再提醒,7
王力宏在重庆开演唱会的视频放来看一下,1
明天紫外线强不强,11
今儿这风是5级还是7级,8
发表感言章子怡数次哽咽,0
我想看5月9日兹维列夫对蒂姆的网球比赛视频,1
给我放推理剧的天道可以吗,8
钱塘江最近会不会下大暴雨,11
提醒我海南气温升高,7
刚被联合国封为地球卫士的周迅穿得很低碳,0
我不想睡觉我想聊天说话,1
我想看今天的体育台播了啥，帮我找一下,1
我想看2017年李荣浩和杨丞琳在演唱会上演唱的年轮说的视频,1
我想听邵帅唱的驻马店,5
现在给我建一个日程下午2点去邮局买邮票,7
没想到的是严立恒实则与夏友善是同父异母的姐弟,6
我把赵英俊的送你一朵小红花下载下来循环播放,5
音乐台的话给我找河南音乐广播,6
播放邓紫棋唱歌的视频,1
看一下北京文艺广播的今晚我们说电影还在播不,6
我想看单依纯在为歌而赞唱的如此的纯享版音乐视频,1
我超级想看2020年张大仙王者荣耀录播的游戏视频,1
给我找一下中国电视剧觉醒年代的拍戏花絮,1
白冰冰写给女儿的信中提到四月一四日唉,8
美食纪录片生活如沸给我找一下,1
广州湿度如何,11
现在请收听频率是一零三点九的路况信息,6
冰箱冷冻室温度调成零下19度吧,10
赵菲儿的专辑欠我一次旅行播放,5
播放2021年春晚小品开往春天的幸福开车听,3
赶紧给我查查什么节日是7月1日啊,9
明天12点的时候请通知我关闭王者荣耀,7
气场十足女王头衔当之无愧,4
据悉北京二中院已受理此上诉案,5
GPRS套餐什么时候开始计费,9
我想去悉尼歌剧院，请问那趟航班最快。,2
电影杀死比尔的制片人班内特沃尔什说,7
南昌穿啥衣服好,11
播一下广播剧犯罪心理第一季,8
黑龙江卫视的新闻在线播放一下实时新闻,1
今年的妇女节是什么时候,9
我想听孔刘等待的20时,6
我需要知道15点有珠海始发去汕尾的大巴车不,2
给我循环播放李商隐的夜雨寄北我想听,5
东莞早上七点能下中雨不,11
查询廊坊周日会不会刮风,11
继续看张铁林的铁齿铜牙纪晓岚吧,8
播放破云广播剧,8
十点钟的蒙面唱将猜猜猜在哪个电视播放？帮我看下,1
乐思购物直播节目是在今天十八点播放吗帮我看下,4
我想听姚博的交通新闻,6
查看一下2021年5月26播出的国防故事,1
QQ空间打不开怎么办,0
5月22日下午3点深圳战佛山的kpl春季赛视频快给我放一下,1
可以来播放一会今年的偶像剧吗,8
你给我来一首热血沸腾的歌曲行不行,5
吃立节是什么时候,9
我平时不会水呀可这回我却是往大海里闯况且还是在晚上,8
文艺类的天津人民广播电台文艺台收听一下,6
明天有位从韩国进修回来的专家老师过来哦,11
放一个惊悚小说地狱公寓来听,3
查询一下爸爸去哪的相关视频,1
用安卓市场下载豆瓣阅读,1
随便播一个2021年晚上22点更新的动漫,1
据说每天吃一瓣儿新鲜蒜头脸上可保不再见粉刺,0
重复播放推理小说占星术杀人魔法的第三章,5
从北京最快通往新疆的飞机是多久,2
单曲循环英文版的吻别呢,5
打开吸尘器，我要打扫卫生,10
给我续播西游记原著第五十二集听,1
5月23号的蔚蓝星球纪录片给找下,1
怎么样自驾车去成都即快又不堵车呢,2
圣诞除夕分别是星期几,9
夏永康表示数年间有很大转变变得越来越性感,0
播放一首张小九的余香听听,5
把从天坛到北京火车站的步行和骑车路线都给我,2
提醒我今天下午1点30分上网课的行程。,7
我想你现在就播放一个去年新出的玄幻剧给我看,8
回放下这个台昨天放的越战越勇,6
给我唱一首2008年的奥运会的主题曲吧,5
今天晚上韶关附近有没有东风,11
祭谷神节是什么时候,9
正点财经在哪个频道播出？往期视频回放一下啊,4
请给我播放杜牧的诗词,3
播放四川广播电台的新闻联播,6
我就是不知道手机号码而且家里又只有我的手机,5
萧亚轩演英雌救帅跟洪金宝儿子学武功组图,0
为我放首侍神令影视原声碟专辑中的笛子吹奏轻音乐庭院,5
很想看俄罗斯的电视剧推荐视频随便播一个给我,1
请用英文播放小意达的花儿这个故事,3
请帮我设置一个后天早上9点开始三周年庆典的闹钟。,7
他是不是对你有意思啊,8
谁会是最期待的零点嘉宾,3
五月初下午会刮大风吗,11
昆明去年下冰雹了吗,11
我要循环的听小猪学本领这个故事,3
我要听法语版的樵夫与仙女的故事,5
准备做美食了，帮我打开蒸烤箱吧,10
关闭今天8点的日程,7
给我打开前天更新的绝世战魂的第36集,1
二零一三年一月一号限行不,2
给我播放仙侠类的有声漫画,1
我想再看一遍周三电视播出的妈妈为我嫁,0
2月14日是农历几月几号,9
今天给我一部张艺谋拍的纪录片看一看,1
陈法拉生日男友送相机闻诸葛梓岐即封口图,1
删除这个2个小时后关闭快手的备忘录,10
今年的萝卜节是星期几,9
我要听搞笑相声人在黑社会,6
广西都市4月21日上午八点播放的是什么节目帮我看下,4
5月1日的今日说法帮忙打开一下。,4
查下还有明天去北京的汽车票吗,2
现在给我放一个英文版的稻草人的小故事,3
你先可以给我定一个50分钟之后的闹铃,7
广播剧微微一笑很倾城的番外帮我播一下,1
立刻告诉我答案6月18日是阴历多少,9
上个星期一播出的天天网事给我回放一下,1
我的话费每月交五十不管打不打都一样收费,7
放一下钟汉良在2019年央视春晚上唱歌的视频,1
放岳云鹏孙越的爆笑相声我们不一样听听看,1
关晓彤在2021北京卫视跨年演唱会上的表演视频给我回放一下,1
明天早晨要去晨跑，天气大概多少度？,11
我想听戴萌版本的how we do it,5
请给我循环播放隔壁老樊的中文歌世本常态。,5
谁对谁错每个看到事实的人心中都有一杆秤,8
告诉我一下厦门飞往伦敦的航班明天有票不,2
上个月的26号体育赛事帮我回放下吧,1
狼殿下请播放最新更新的几集,8
帮我创建个下周上午10点多开始双十二预热活动的闹钟。,7
我侄女想看公共卫视昨天播放过的战魂,1
星期一是几号呢,9
将客厅灯光调为温馨模式好么,10
闫妮叫自己的粉丝为娃很多场合她都会说感谢闫帮的娃对我的支持,7
陶虹顺产千金取名徐小宝老公徐峥傻笑图,11
请不要在5月20号提醒我去找我朋友玩,7
近日徐帆在接受探班记者采访时对于丈夫的赞美照单全收,5
查一下这月雄安风从哪刮来的,5
我们一起听毛不易的消愁吧,5
好冷，帮我把空调的温度调高一点,10
戏曲频道8点38生活早参考-特别节目查找出来播放一下,4
你赶快查下星期四是哪天呢,9
CSGO比赛的视频播一下,1
放一下2020年春晚韩雪的小品爱在路上等会听,3
你能给我播放18年电影西红柿首富吗,8
帮我找下有没有关于北京的纪录片,1
给小朋友们放一个北京文艺广播的开心茶馆,6
能帮我新增一个周六晚上23点的闹铃吗,7
张黎答保守期望收回成本票房最好多多益善,8
请接着给我续播著名小说包法利夫人的第三章英文版的,3
一个小时后关闭厨房的灯,10
调频收听孙畅的新闻天天谈,6
我想看湖南卫视青春剧场的刘诗诗主演的亲爱的自己,8
催眠的歌曲给我随机来几首,5
我要查1月1日去西安的火车票。,2
立即查一下阴历的几月几号是8月4日啊,9
周六下午2点半送孩子上钢琴课的备忘录设定一下。,7
帮我把空调设置为制冷模式好吗,10
本报讯记者康沛郭延冰前晚光线娱乐大典在人大如论讲堂举行,7
帮我记一下5月30号下午2点去买水果,7
明天5:15不要忘了提醒我给我哥发微信,7
下周三到周五宁波那边有雨吗,11
赶快查下星期二是多少号呢,9
关掉扫地机器人，让它停止工作,10
我现在想新增一个1月27号凌晨三点的闹钟,7
悬崖之上是谁唱的视频播放一下,1
只是不知道今年老赵还能为大家的年夜饭端上一盘啥菜,0
定一个周三下午5点教室打扫的提醒。,7
创建一个25号买飞机票的日程,7
抽烟机关了，帮我开一下，我要用,10
请给我续播德国小说阴谋与爱情的第三章德语版的,3
想喝皮蛋瘦肉粥了，帮我切换到电饭煲的煮粥模式好吗,10
你可真行昨天又买了几件衣服,7
放麦琪的礼物这部小说的英文版来给我们听一下,3
想听专辑了，就听我的世界守则吧，王一博的,5
帮我看看5月4日是阴历多少,9
你能给我来一部去年的电视剧燕云台吗,8
找出5.31日23点30播出的动漫,1
周末句容不会有暴风雪吧,11
回放一下早上9点28播放的绝密使命第三集,4
你几号的飞机票回去来着,0
查询CA四幺零幺和CA四幺幺三的状态,7
放一首小提琴曲梁祝,5
能播放一下唐嫣和钟汉良的何以笙箫默吗,6
帮我把空调温度调到18度好不好呀,10
还有一个星期就元旦了,9
喵多哩新剧场是不是在10点就结束了帮我看下,4
现在股市这样我又不舍得放也不敢再入市,1
播放河北音乐广播依然动听,6
凄美悬疑又带点喜剧色彩的文艺片如梦将由香港大导罗卓瑶掌镜,8
我附近有自动取款机吗,9
你做的事情很杂像个社会活动家,0
陈楚生与天娱官司缠身,1
一分钱太有名了为此潘振声有了一分钱爷爷这个雅号,6
二有背景的妖怪都被救走,8
麻烦问一下清明节是什么时候,9
在4月10号记得提醒我缴宽带费,7
巴彦淖尔交通广播正在播放的家有儿女节目快帮我放一下,6
我要听俄语版的哈姆莱特,5
把冰箱的制冷模式打开吧,10
能来一个频率是九四点七的经典947吗,6
招行网银怎么买理财产品,7
帮我打开客厅的灯怎么样,10
林熙蕾他的戏比较阳刚但女演员也是必要的,5
提醒我20号上午做美容,7
之后将是历时一年的拍摄期,0
帮我查一查广州明天的温度是多少。,11
立刻让我知道今天有焦作始发的大巴吗,2
听会儿宁鹏的I到黎明时在FM95点5,6
阿拉伯语的治愈歌曲来一首呢,5
我想问一下昨天是几号,9
好歹可以让歌迷们用来暂时解一下难耐的饥渴,5
帮我查下我老婆现在在哪里,0
我现在想听体育类的广播，给我调到南京体育广播,6
给我播放一下公共台的中医养生堂,6
播放一下CCTV1生活提示的上期回放,1
2021年龚俊唱歌的视频找一个出来,1
帮我查询一下十点到上海的机票还有吗,2
黑色幽默引发理性思考贾樟柯微博说火车快开最配王宝强,0
帮我我找到陕西戏曲广播按时间顺序播放里面的花鼓戏节目,6
设置每天7点半的闹铃备注点电子运维,7
把唐嫣主演的锦绣未央放一下,8
播放广播剧全球高考,8
感谢分享生活有你更精彩,0
制定个明天上午8点看妇产科医生的闹钟。,7
我想听九三点九的江浦人民广播电台,6
再定一个10点05的闹钟,7
生日快乐 从第一个挨个儿放,8
最近一周重庆会有大风出现吗,11
按顺序播放动漫唯我独尊的全部35集,8
给我播放下贾玲和张小斐拍摄你好李焕英的现场花絮,1
三国演义能继续看吗,8
昨天的足球甲级联赛运动员采访视频有吗,1
接着给我续播小时代原著书里的第二十集,8
我想看一下广西二手车信息,1
有声小说第一序列播放一下,6
高以翔和焦俊艳演的那个遇见王沥川我想看看,8
医师资格考试报名网址,7
帮我改一下9号上午备忘录,7
查询一下去牡丹江的机票还有几张,2
频率是一零一点七的动感101听一下吧,6
石景山区鲁谷村小区房价,6
打开江苏教育，想看下江南文脉了解江南文化,1
不要开启周一到周三的闹铃,7
明天你要提醒我烧香,7
我想看新闻频道的法制在线帮我回放一下往期视频,1
找一下最近的咖啡店怎么走,2
帮我播放一下爱在星空下麻烦放一下,8
给我放一下2020年山东春晚小品想说爱你不容易听一下,5
帮我播个剧让我听懂你的语言,8
四夜奇谭点击破二一亿开创网络电影元年图,8
找一下乡野下饭魂纪录片吃饭可以看,1
揭秘黄奕霍思燕三角情债娱乐圈女星恩怨不休,9
放一个猴子捞月亮的故事给我听吧,3
扫地机器人现在关机吧，我想安静一会,10
沈阳近期有雨吗,11
闹钟设成工作日早上六点起床,7
播放一个文彩元主演的电视剧的介绍视频,1
听听安徽人民广播帮我拨一下95点5,6
不走高速去昆明怎么走啊,2
下面开始循环播放红鞋这个故事,3
冰箱冷藏室温度再降两度行不行呀,10
卧室空调调成28度行不行嘛,10
帮我转到今天晚上六点的广西天气预报,6
请帮忙将7月10号的提醒修改为下午2点提醒,7
播放50年代的摇滚乐曲,5
德语歌随便给我唱一首吧,5
朱丹讳疾忌医家中挨腹痛,0
最快到达公司的路线是哪条呢,2
好久都没有听花粥创作的盗将行了，播放一下哦,8
晚上外面湿度越来越高，能下大雨不,11
陈凯歌是电影导师张艺谋激发创作欲,8
找到五十年代的草原之夜然后播放,5
总之他们对的批评一直都没停下来过,4
查下这雨下多久啊,2
我可以看看明天海淀的气温指数吗,11
在电视剧频道播出的小舍得帮我回放一下,4
明天早上10点40建立备忘录我买杯子,7
单曲循环一首英文歌曲吧,5
给我播放2021中国女子足球锦标赛,1
独特内涵受品牌青睐亲民代言受拥护,5
上星期五的电影频道放的什么帮我倒退一下,8
播一下晚上22点更新的理想照耀中国的拍摄花絮,1
立刻找出来Inspiron 灵越 15 Plus的测评视频,1
找到city party zone电台节目就晚上11点开始的那个,6
能否帮我把冰箱冷藏室调到4度呢,10
帮我打开南昌新闻综合的每日新闻,6
查询明天成都气温如何,11
我想看CCTV1星光大道的上一期节目,8
希望可以成为你的朋友,0
能不能帮我建一个3月2号去上班的提醒,7
2013年的唐山大地震电影有吗想看下,8
快查下17点有邢台市始发的长途大巴不,2
我回家了现在上火车了有事联系我我手机不变,0
在这个意义上弗兰科似乎生活在一个拓展了的公众青春期,7
找一个科比的篮球比赛视频来看,1
我想马上就收听FM107.8的怀旧好声音电台,6
记录明天海南气温差,11
给小孩播骆宾王的咏鹅,8
2021年都市爱情电视剧你是我的城池营垒的幕后故事播放一下,1
要流量还是要这个收费的呀,2
查询明天大连紫外线会偏高吗,11
经纪人账号被盗用多位艺人资料疑遭外泄,5
大声告诉我农历的九月初八和农历九月初九哪天是重阳节呢,9
我想去拉萨帮我看看还有没有机票,2
搜索一下少儿频道昨天下午播出的节目,6
作者是淮上的广播剧播放一个给我,3
CCTV7正在直播的炮神40/40帮我切换一下,4
快大声让我知道1月12日是星期一还是星期四呢,9
播放乔家大院的有声小说,3
上个星期一的有个台播的天天网事给我打开下,4
张国强透露为了把儿子和女友都照顾到他一年只接两三部戏,11
暂时关闭自动报警系统,10
播个2008年之前的偶像剧,8
帮我打开一个百度的网页,8
华商报大家都非常关心你你现在的状况怎么样了,0
在音乐之声找一个楚悦主持的音乐节目,6
二零零四雅典世界大同,6
短信营业厅当月话费查询是不是手机固话费用,11
继续播惊悚网文绝望教室的第三章,3
想让空气流通下，帮我把浴霸切换到换气模式,10
原来黄海波也迷灰太狼拍照之后他还央求摄影老师给他也传张照片,0
电视音量设置为最小可以吗,10
找个今天的八卦娱乐视频放来看看,1
我现在想听莫言的红高粱第二章,5
校园类的广播剧随便播放一个,3
有声的紫襟说的灵异的小说帮我播一下,6
B站上的哔计划的相关视频快点给我播放,1
唐国强夫人不可能拿灾区人民的钱,5
播一段鲁迅的经典作品来听,5
几月几号是开斋节,9
我就想把空调开到二十二度,10
这位导演正在考虑要不要接受霍比特人剧组的邀请,8
生活家第17集电视正播呢帮我调一下吧,8
查查明天是什么节日吗,9
FM969东营生活广播的节目快点儿帮我放一下,6
空调太高温度调低点儿,10
有去年上的喜剧类电影嘛，播放一个吧,8
帮我调到新闻综合我想看看三农时空,6
给我放白雪公主的故事来听英文版的,3
记得大后天早上八点叫我接电话,7
能不能告诉我明天海淀气温指数怎么样,11
天气好热啊，打开中央空调吧,10
查几部B站的高分纪录片来看看,1
十年不算什么二十年三十年后再论成败,7
星期几是腊八节,9
我想你给我收听频率是九三点九的广东人民广播电台音乐台,6
这样吧你把具体的地址给我,0
查下告诉我济南发往潍坊的大巴明天有没有票,2
放千里共良宵就是中国之声的,6
林俊杰的歌曲MV帮我搜索一下,1
徐小明获聘任客座教授将宝贵知识传授新传媒人,8
收听浙江广播电台的职场江湖,6
请播放日本推理小说向日葵不开的夏天,8
再有五分钟我就要收听FM95.8的山西经济广播,6
放一个赵本山的小品给我听,3
明天海淀还是雷雨天气吗,11
我需要你播放音乐类的湖北人民广播电台交通音乐台,6
有最热门的科幻动漫吧随机播放一个吧,1
请播小E的月半小夜电台,6
她表示自己今年拍了两部戏都拒绝使用一次性筷子以贯彻环保理念,8
新浪娱乐你说这个让我想到尔东升,0
太安静了，帮我打开电视机,10
对于自己的此次转型胡军也觉得他真的太完美了,8
石家庄今天晚上会有暴雨吗,11
我想知道石家庄到北京有没有机票,2
我需要你告诉我温州开往北京的高铁今天有票吗,2
收听频率是八七点七的孝感电台交通音乐台可以吗,6
速度查一下沈阳飞烟台的飞机起飞了吗,2
橙意购开始了吗帮我打开娱乐看看吧,1
李荣浩李白播放一下呗,5
不是开了个研究所就代表科学和权威了,0
明天青岛可能会下雨吗,11
播放连丽如讲的东汉演义,8
我要听九十点零的常州人民广播电台,6
放德语版的很恐怖的那个小说三口棺材,8
播放玛格丽特米切尔的小说飘,3
是不是厦门飞天津的飞机已经起飞了,2
请续播阴谋与爱情的第五章小说,3
添一个1:40喊我去打点滴的提醒,7
广西都市4月21日上午八点播放的是什么节目我想看下,4
播一下全民目击这部小说给我听一下,3
美国奇幻电影除了哈利波特，播放什么都可以,8
星期几是月亮节,9
明天是不是多云,9
我不是很清楚他家里的事不过大部分男人都喜欢打游戏啦,7
快给我播登幽州台歌这首诗,3
你的空调风速能不能变小,10
王力宏火力全开里的歌曲随机来一首可以不,5
能不能不要每天10点提醒我了,7
快乐与痛苦并存的意义,6
可以帮我回放今早七点的西安新闻吗我想看下,4
麻烦播放一首梁静茹的可惜不是你。,5
CCTV3综艺频道综艺喜乐汇-2020-281帮我查询一下,4
七夕那天是在几月,9
二保罗史密斯马克西莫公园乐队,0
小孩要听一去二三里这首诗,3
帮我弟弟循环播放一个儿歌歌曲MV,1
你知道虎牙直播和斗鱼直播要合并的消息吗,1
我要求你快点查一下星期一是哪天啊,9
福彩双色球第二十二期号码多少多谢,0
请记住在5月6号通知我打消费者热线投诉,7
设定一个上午10点去看房的闹钟,7
明天早上收拾东西这个备忘录你帮我建好了吗,7
帮我调到河南新闻看看今天的整点新闻节放了没,4
播放一下张鹤伦讲过的相声,3
请给我放一下俄语版的大林和小林,5
帮我打开生活台，我想看下今天下午播放些什么,1
请查下青年节是几月几号,9
有关于中国女排成长史的纪录片么播放一下,1
播放广州人名广播电台风云962,6
给我放俄语版的沼泽王的女儿等会开车路上听,5
请帮我播放海峡之声广播电台 频率是九零点六,6
调到经济之声的新闻节目天下财经吧,6
我想来一首听毛不易的消愁。,5
电视上正在直播呢世界斯诺克锦标赛切换一下,8
制定个周日上午8点打高尔夫球的闹铃。,7
姐姐大玉在吗我想她啦跟她聊会儿天嘿嘿,8
赶紧告诉我明天有飞石家庄的飞机吗,2
可不可以把冰箱变温抽屉开到果蔬档呢,10
播放一首薛之谦的哑巴。,5
但原来在制作方面高清直播也与平日的直播不同,1
下个月是几月份,9
明天合肥会下冰雹吗,11
明天早上七点十分你还得起床上学了,7
查一下4月3日是星期几,9
泰戈尔飞鸟集里的诗我想听，英文版的,5
潇湘晨报是受众群让你放弃电视剧,8
而更多精彩内容留待您自己观赏,8
设置一个16号下午2点去开会的闹钟,7
兰州有雨吗,11
给我循环播放那个动漫哪吒闹海,1
将间隔50分钟提醒我一次改为间隔2小时,7
能不能打开人体传感器了,10
续播烽火戏诸侯的连载的小说天神下凡的第五章来听,3
继续收听王思元的电影解说,8
想听宋祖英的民歌映山红了,5
电话费很贵你知道吗以后发信息好吗求你了,0
就是林万成主持的神州之声放一下吧,6
明天下午四点经济有财经新闻吗帮我看下,4
帮我回放下吉林综艺今天的凌晨剧场,1
12点的新闻30分正在直播中,4
海南穿衣指数多少,11
来一个频率是八九点一的中国之声,6
唐伯虎点秋香这部由周星驰和巩俐主演的电影麻烦播放。,8
帮我查下珠海开往佛山的普快出发了吗,2
到融创茂业的路有几条啊,2
过去很多剧集塑造的小三形象都是妖艳的女人,8
邢台明天是晴天吗,11
原色专辑前戏立刻播放呢,5
武当山市下明天武当山市下雨天吗,11
请帮我播放5月23日NBA比赛的现场情况,1
我的红太狼你在干嘛呢,8
傅欣瑶在中国新歌声唱的消失的音乐视频还能找到吗,1
江苏卫视2017年跨年演唱会薛之谦唱演员的视频,1
有没有张译的谍战片看看,8
播放我最喜欢的明星李易峰唱的剑伤。,8
11月25号是农历的什么时候,9
现场仅有寥寥粉丝前来为偶像接驾,8
提醒我周二下午去学校开家长会。,7
把明天下午3点45分去看装修屋子的闹钟设定好。,7
刘雨欣那个直播卖鸡的视频还能找得到吗,1
古典音乐是不是能随机来一首啊,5
播放一下王一博的专辑FIRE,5
给我放一下有翡的广播剧,3
嗯晚安赶紧休息吧外面一定很冷快钻被窝吧,8
小学生四百米八百米接力赛最快速度,10
找下今天电视上放的新闻360节目,6
台湾爱情剧超级喜欢看，就放王子变青蛙吧,8
现在将电扇灯开一下吧,10
可以说下冷藏室现在温度是多少吗,11
给我放一下5月19日的绝地求生2021pcl春季赛赛程,1
我需要看一个孙俪主演的清宫剧呢,8
随便来一个90年代林心如的电视剧吧,8
当然也有着大生活里大顺贸易公司背着地图讲路线报摊老板的幽默,2
奥斯卡影后玛丽昂歌迪亚将假胸贴到头上图,0
把今天晚上8点给手机系统升级的安排帮我定一下。,7
转眼二零零八年已经进入流火八月离奥运开幕也仅有五天时间,8
我不跟你聊天了我要睡觉了,0
银行休假日是几月几号,9
回放在中央5套播出的欧洲篮球联赛,4
播一下送春这首古诗吧,3
明天上午十点开会我这就睡了,7
麻烦给我播放岳云鹏的单口相声听听,3
看一下山东少儿的熊出没怪兽计划,4
找几个2020年的NBA比赛视频来看,1
财经类的那个大连财经能播放吗,8
我想知道陕西现在空气质量怎么样。,11
需要你播一个沈腾的喜剧电影呢,8
你为自己活着不是为别人活着,0
每一个微笑都让我沉醉,0
快点我想知道清远始发的高铁是19点的吗,2
请播放钢琴奏鸣曲,5
查看5月20安徽卫视的节目表,1
新专辑单曲已经在网上热播了一段时间得到的反馈好评如潮,5
看李咏这么直率大家来了劲儿赶紧让他评价一下央视的同事们,0
说一下明天有日照来的特快的吗,2
来一首热血的日语歌吧,5
搜索一下北京新闻广播的大城小事这个电台,6
5月23日下午3点的kpl春季赛赛程给我回放一下,1
调大一点风速 主卧空调的,10
播放赵本山范伟的经典小品功夫来听,3
青岛湿度如何,11
如今小龙女吴卓林已经一零岁在上海浦东的一所贵族学校读书,7
给我找一下美国电影梦幻岛的预告片,8
快乐男声还有在经济频道播放吗帮我看下,4
我想听英文版的普罗米修斯的故事,3
速度点儿开始播放蛋糕姐姐的不是不想,8
收听一下频率是九一点四的蜜嗓电台,6
给我找宫廷剧武则天看看,8
舟山群岛今天天气如何,6
那就帮我定一个后天上午9点23分参加跳远比赛的闹钟。,7
姜广涛配音的纪录片帮我找一下,1
今天可以试试电饭煲的米饭香甜煮功能不,10
我没看到帮我倒退到星期一的音乐频道,2
你啥时候实习到哪儿实习,0
我想听故事夸父追日,3
广东资源综合利用协会,8
麻烦给我播放路知行配音的广播剧,3
请现在告诉我到遵义走高速怎么走,2
立刻找出来华为MatePad Pro的测评视频,1
给我播放2012年刘翔参加钻石联赛上海站的视频,1
可以将洗衣机开启节能模式吗,10
查找国产动漫刺客伍六七,1
婷婷则说按排位来讲他是我最好的男性朋友,0
长沙明天天会晴吗,11
放一个频率是一零零点一的山东电台综合频道,6
另类谋女郎做客非常网络现场,1
老子说句话你听不懂啊,0
查询未来一周昆明天气,11
讲一下三个和尚的故事,3
南宁梦之岛SONY的PS三千版的PSP好些的要好多钱,5
还没有已有消息我通知你,7
调频收听郑磊的新闻天天谈,6
中国的阴历8月15是什么节日呢,9
景甜做客美丽俏佳人美容大王大谈护肤经,7
怎样判断双子座男生在图新鲜还是真花心,0
还有7点鹤壁到南坪的汽车票吗,2
周传雄不安的灵魂可以单曲给我循环下去吗,5
播放零零七里面的歌曲，要随机播放,5
收听一下FM107.1的华艺广播,6
有没有介绍日本地理的纪录片，播来看看,1
你是圣人我无法爱你到你梦想的天国去吧,0
你能给我播放一个日本2006年上线的恐怖片吗,8
我说了，把空调调成十六度,10
我觉得还是查一下后天到北京的飞机吧,2
白若溪郭泽禹代表女生班迎战,7
把我把挂烫机打开。,10
明天晚上6点炖排骨的提醒帮我设一下。,7
我觉得人不能总做那些常规的事,0
平心而论今年的专辑绝对不比去年的差只能说生不逢时,5
一分钟后再把电熨斗的温度调低一档。,10
我想再看一下5月15零点播报的调查显示疫情期间人们日均多睡10分钟这个新闻视频,1
给我播放阿飞今年讲解游戏的系列视频吧,1
我特别特别特别特别的想安静,5
请查晚上20点飞往巴黎的飞机哦,7
找一首笙演奏的歌曲听听,5
小点小点空调风速小点儿,10
单曲循环一下薛之谦的演员,5
我想看广东体育的体育赛事帮我找一下,1
创建周日上午9点去购物的日程,7
请续播法语版的小说贵族之家第十章,3
那请你帮我设定10号早上5点去赶海的闹钟。,7
还有利刃出鞘那种美国的推理片能播给我吗,8
查找10月15日是星期几,9
打开电视在周四凌晨播放的健康堂,8
赶快的告诉我九月一日和九月十日哪个是教师节,9
我要看法国小提琴家蒂博现场演奏的小提琴曲,1
看王志文演的天道,8
频率是九一点四的广东卫星广播给我收听一下呢,6
能否帮我看看今天广西公共活力剧场有什么,4
听听2021年央视春晚相声年三十的歌,4
后天应该穿什么衣服出去,11
锋芝闹婚变身为谢霆锋母亲的狄波拉拉姑心情当然也很差,8
安徽卫视正在播放创业中国人吗帮我看下,4
厦门市电脑应用与维修高级师傅招学徒的电话,3
传染病叫好不叫座新片表现不佳,0
接着上次的恐怖小说诡域档案继续播放第五章,3
我想知道大后天是个什么节日,9
经济萧条的年代人们都变得脆弱了怀旧了不愿折腾了懂得珍惜了吗,0
想看有湖南经济的经济新闻,1
每周一的那个提醒改成每周二提醒,7
给放明月照我心的大结局啊,8
电视上今天演小猪佩奇了吗播给我女儿看,1
是不是能来一个去年出来的悬疑剧或者犯罪片啊,8
随便来一首郎朗的钢琴曲呗,5
小灵通拨打多少号码打长途优惠,0
帮我找一个漂亮的姑娘看看,8
马上建一个9号去东大桥的提醒,7
8号淮南到苏州的高铁票还有不,2
去浦东新区怎么坐车,2
从广州到南阳的EMS需要多少天,2
帮我播放张信哲的过火,5
西二的脸红可以播放一下不,5
帮我把取暖器温度调高两度行嘛,10
2021年的玄幻剧玉龙现在可以播放一下不,8
马上关了空调,10
我现在要听陈忠实的白鹿原原著,5
回放一下3点17播出的艺览天下-2021-19,4
电热毯温度太高了帮我调低一点,10
看看星期4是什么节日呢,9
中国传统节日重阳节是农历多少号啊,9
郭德纲的单口相声给我放一下,1
当然他们并不只冲着阎教授一个人,0
不得不说郭亮的郭亮直通车讲的很好，这个也在上海交通广播里，快搜吧,6
登记最近一周内蒙古的气温情况,11
看看广州去肇庆的客车是几点的呀,2
帮我播一下阿春和天空合作的广播剧,3
成龙2018年的专辑我还是成龙里的物是人非播放呢,5
明天是不是阳光明媚，能去钓鱼,11
收听频率是一零三点零的南通经济广播电台,6
请给我找路我要去广州市,2
香港的电视剧失忆24小时拍摄花絮播放出来,1
想看寰宇地理，帮我打开科教健康吧,4
难道伤心是你给我的温柔,8
虽贵为富家子弟但为了女友也不在乎,8
晚上几点钟睡觉比较好,0
三农进行时是不是在六点零五分开始播放,8
我能继续观看一下上次那个喜剧吗,8
给我看看后天广州可以穿什么,11
帮我切换到正在CCTV1频道播放的朝闻天下,6
讲修仙的广播剧播放一个吧,8
查一下明天南京空气质量怎么样,11
李易峰还有杨幂一起演的古剑奇谭现在播放下呢,8
有声小说乔家的儿女给我播一下,1
找一下每周三，11点更新的国产动漫,1
小心啊打雷喽下雨收衣服啊,11
有声小说赘婿给我播一下,4
打开电视切换到河北卫视,2
查一下订1张明天12点去北京的D7一等座,2
我想听薛之谦的丑八怪,5
帮我打开摄像头好吗,10
下午5点不要提醒我搬砖,7
请放一下下午两点的广东卫视的节目,4
是否可以来一首郎朗的钢琴曲,5
评论家谈汤唯复出拍月满轩尼诗掉身价,0
明天三点半有个画展,8
二零一零年五月明星微博日报往日回顾,1
现在给我放一下托尔斯泰的复活法语版的,3
给小朋友放春晓这首诗,3
陈伟霆天价接情侣秀与阿拍拖有财路,8
空调风速调大一点调至三四十,10
随机播放一个张杰的歌曲可以不,5
山东潍坊医药集团公司安丘公司医疗批发部,5
查一下到胃塘镇有多少远,2
我想把蒸烤箱切换到热风烧烤模式行不行呢,10
今天的经济频道都有些什么节目我想看下,4
重复收听镭镭主持的雷磊蕾镭,6
你到底有没有男朋友呀,0
我想看精华版的忘记你记得爱情,8
房间里很闷热，把风扇的通风模式打开,10
请问对于姓名笔画数相同是否纯属巧合,5
立刻播放小风暴之时间的玫瑰这部电影,8
帮我放闻天主持的文艺之声,6
找一下周深的我在这挺好的,8
麻溜的打开最大空调风速,10
今天羊肉多儿少钱一斤,0
回播湖南综合狼烟遍地,4
能续播一下在看的推理剧吗,8
麻烦打开一下上周五凌晨五点广东卡通播过的卡通动画吧,1
找一下吴亦凡赛车比赛的片段,1
麻烦帮我创建一个周末上午10点去补习班的提醒。,7
按顺序播放大陆穿越电视剧,8
是不是能找一个比较好看的美剧播放一下呢,8
因为当年台湾市场对于这种片子的需求量是很大的所以才有得做,0
马上帮我建一个4月2号下午2点召开公司董事会提醒,7
所以大家竞争不会很激烈算是比较惨淡的一个档期,8
请循环的播放安徒生童话故事,5
西安近期有下雨吗,11
今天什么天气,11
我需要看一部悬疑剧朱莉快逃,8
cctv2财经频道经济半小时放一下,8
多重关卡的设置使得该节目惊险刺激趣味横生,7
天气太干，可不可以把湿度器打开一下,10
给我循环播一下柳宗元的江雪,5
我儿子想看公共的跟我一起跳帮我找出来,1
阴历9月11是阳历几号,9
在接受访问时有人两度高空淋水好在没有被淋中她估计是恶作剧,7
阿牛我都放在怎么凸显我的朋友们的特色,5
本周的月全食出现在星期几,9
妻子的浪漫旅行在哪个频道播出帮忙搜搜,4
能否播放5月22日的今日西安吗,1
战斗类的枕刀歌给我放最新的一集我想看,1
来一个新加坡拍摄的言情剧吧,8
让我知道最快去一班三亚去上海的机票还有几张,2
播放连丽如讲的康熙私访,8
帮我把电饭煲开到酸奶模式做草莓酸奶吧,10
能继续给我听频率是九五点六的开平电台吗,6
放文学小说百年孤独的日语版,3
帮我调频到深夜治愈所,10
而随着亚运会的临近众多演艺明星也都纷纷亮相为亚运喝彩,8
马上给我查查6点有去广州的特快吗,2
播放重庆交通广播,6
找章昕和嘉宾主持的城市名人堂,6
快吃晚饭了，帮我把微波炉里的剩饭热热吧,10
昆明春天气温高吗？,11
讲一下小鲤鱼跳龙门这个故事给我听,3
能把昨天看的言情剧继续播放下吗,8
找一下任嘉伦主演的锦衣之下,8
30秒以后查询星期几是圣诞节,9
明天我可以穿大衣去机场吗,11
天字号密令1点38播出的视频帮我查看一下,4
8点开始做运动定闹钟,7
但刚准备剖腹产还没有麻醉就自己出来了,0
看看今天天有大连去广州的火车吗,2
请播放明星类综艺向往的生活,1
平原烽火还是在凌晨四点半播放吗？帮我看下,4
放到最大空调风速让我吹吹,10
5月18日城市台有什么节目播放吗？帮我看下,4
你不是说你要睡觉了吗,0
晚上5点不要通知我给刮胡刀充电,7
断开电饭煲电源,10
给我调到幺零五点二的常州经济广播电台,6
告诉我明天七点香格里拉会刮风吗,11
请告诉我大连去往深圳的动车是20点的吗,2
找呼和浩特内蒙古语综合广播的文学欣赏听,6
北京体育广播的体坛夜话来一个,6
千百年后谁还记得谁韩磊,10
预约十分钟后开启客厅的空气净化器,10
如虎扑羊情挑言承旭警告对方别爱自己图,5
给我读一本历史小说,3
晚间新闻是七点在云南卫视播出吗我还想看看,8
昨天CCTV6播完的大进军-南线大追歼再播一遍,11
CCTV8电视剧频道正在直播哪个节目搜索并播放,4
坚持对我来说就是以刚克刚,8
明天是农历的什么时候,9
台灯有点暗，把亮度调亮些,10
动漫魔女之旅帮我找一下吧,1
天津相声广播欢笑在路上帮我放一下吧,6
请在7点的时候叫我去网球,7
是不是能来一首高人气的古典音乐,5
能给我来一个美国电影变形金刚吗,8
下周去上海请帮我查询下周一的天气怎么样？,11
可以帮我调到河南公共看看幸福密码是不是已经播放了,8
帮我看看去杭州的商务舱还有几张,2
西津渡横店顺利杀青演职人员泪洒片场,11
我们一起走进市里自此一生携手,8
亮点甄子丹金城武汤唯的金牌阵容已是票房保证,5
12点了看会儿午间新闻吧,1
说一说中国的阴历8月15是什么节日呢,9
4月29号的提醒新建一个上午的,7
我要听宋小宝的爆笑小品回家,6
明天大同会下雨吗,11
看一下二零一三年的新交通规则,2
奥秘科普杂志每月多久出版,0
我想看偶像剧一千零一夜的第二十集,8
明天沈阳的温度高吗？,11
40秒后报下上海飞东京的飞机是今天的吗,2
我要听按图上的一串珍珠这个故事,3
请播放一下2020年的诱爱入局,5
把风调成到百分之80风大点儿,2
立刻找出来RedmiBook Pro 14的测评视频,1
凤凰传奇的海底是不是可以单曲循环给我呢,5
非常想走进下一步生孩子,0
播一个紫金陈的推理小说来听,3
说了江苏卫视就不能不说湖南卫视,8
听一下大海,5
你还没告诉我你叫什么,0
回看CCTV2的往期视频一槌定音-2021-19,1
这周五下午四点的勇者胜播放了吗帮我看下,4
植树节是星期几,9
明天四川多地有风吗,11
我想看单依纯演唱的如此的视频,1
我怎么样才可以找到你,8
记录大理紫外线变化,11
帮我订四个上午11点到上海的火车,2
帮我查询明天南昌室外温度多少度,11
美食大探索是在中午十一点四十六分播放吗我想看下,4
给我讲一下小蝌蚪找妈妈的故事,3
能不能订一张今天11点50分飞海口的飞机票,2
1981年的动漫三个和尚给我播放,1
是不是想我想睡不着呀,5
收听Mike主持的素人广播,6
给我来一首2021年的电视剧金曲呢,5
我现在要听著名小说战争与和平俄语版的,3
面对尴尬问题林凤娇日前忍不住发火说不要问我,0
梁启超纪念中学有多少个老师他们叫什么名字,0
调到中央广播电台的都市之声,6
美国好莱坞的科幻片播放一个可以吗,8
今年的万灵节是什么时候,9
搜一下这星期五是农历几号吧,9
敦煌哪能买到养鱼的书,6
今年的几月几号是火把节,9
请告诉我国庆节是几月几日,9
帮我把蒸烤箱设置成200度蒸烤模式，我要做烤鸡,10
17号的湖南新闻联播还能再回放吗帮我看下,4
放李白的将进酒来给我听,5
大兵小将元谋开机成龙演大将怒噼木桩图,0
在周五放学之后我想观看泰坦尼克号这部爱情电影。,8
播放一个坐井观天的故事,8
87.7孝感电台交通音乐台帮我放一下,6
你看没看到敲到我的脸呀,8
真事纪事播完接下来是不是美食娱乐面对面,8
单曲循环歌曲白鸽,5
刚才是否帮我建了一个9月3号接机的提醒,7
洗碗机定时二十分钟,10
5月14在中央7套播出的今日说法帮我回放一下,4
循环放一下王维的少年行,5
我想收听轻松调频里的音乐放松一下呢,6
据悉这是陈坤第一次以非演员身份为电影配音,8
我要随机听专辑莱芙里面的歌曲,5
超级想看辣目洋子今年在超新星运动会上表演的艺术体操视频,1
星期几是阔什节,9
科幻类的有声漫画给我播一个,0
2021年马赛克乐队唱歌的视频找一个出来,1
继续放一下陈思诚那个电影吧,8
佟丽娅张鲁一演的电视剧爱国者顺序播放,8
查询未来一周青岛天气状况,11
宁静的都市之声现在就播放呢,6
上月石家庄空气质量稳定吗,11
将5月1号下午三点的那个提醒给我删除,7
电视剧红苹果乐园女主角的真名是什么,8
明天空气质量严重不？,11
龙海那边有没有下过雾,11
能不能帮我删除3月2号准备上班的提醒,7
播放一首2009年的电视剧金曲可以吗,5
OPPO Reno6 Pro的开箱视频找一下,1
专门环节向怀恩豪斯致敬,9
演技指数五星龙套指数三星,11
大理的穿衣指数怎么样,11
泰山最近是晴天吗,11
随便放一首适合睡觉的钢琴曲,5
能来一个交通类的北京人民广播电台交通台吗,6
周六去杭州最快到达的高铁,2
好看的主旋律要有好看的故事更要在故事里包裹一个坚韧精神之核,8
当主持人宣布冠军姓名的时候张元丽甚至以为自己在做梦,0
麻烦帮我制定后天早上7点30给孩子做早餐的闹钟。,7
二零一三年三月三日七星彩开什么号码,9
空调温度调到18度好吗,10
我想听唐朝乐队的摇滚,5
给我查询农历2月12和农历2月13哪天是4月4号呢,9
续播一下言情小说嫡女惊华的第二十章,8
可不可以把冰箱的冷冻室设置成零下18度呢,10
给我找一下港片喜剧武状元苏乞儿。,8
他更表示希望能有机会到上海求学学习中文,0
至于木村的队友中居正广近日被轰三度连任红白大赛司仪有欠新鲜,1
好像是不是有个综艺叫乘风破浪姐姐给我找下看,7
里的裸戏就让给郭明翔饰演的鬼影了,0
祝福兄弟情深不少于一百字的信息,8
我们21号要去法兰克福机场查一下机票,2
三星I八零九操作系统二点二能升级到二点三吗,2
播放这个杀手不太冷这部动作电影。,8
播放现在正在中央少儿频道播出的动漫世界,4
新浪娱乐能简单介绍一下你们的出道专辑吗,5
放一首榜单上的夜空中最亮的星专辑世界里的,5
调到福建经济广播电台看看在播什么,6
卫生街十一路路西十米盛福棋牌社,11
给我看看最火的动漫魔道祖师,1
6点进行减肥锻炼设置成闹钟,7
帮我回放一下昨天的新闻联播,4
闹钟提醒我周五早起5点15,7
播一下晚上24点更新的向警予的介绍视频,1
2021年新出歌来一首深情的听一下啊,5
我要到东柳大街,2
频率是一零四点四的山东人民广播电台综合频道给我播放一下可以不,6
到点了打开广西卫视看广西新闻,4
在7点59播出的综艺喜乐汇-2021-586回播一下,4
他玩起了太极笑眯眯地说大家拭目以待咯,7
我爸的车直接从单位去姥姥家了,2
我目的地是岔河镇找找路,2
查查昨天的农历究竟是多少,9
制定后天中午11点多去药房拿药的提醒。,7
请收听北京外语广播的感受北京,6
打错了不是我们学校是我们宿舍,9
我想听汪苏泷的明天你是否依然爱我,5
循环播一下故事夏洛特的网这个故事,3
不少网友认为每个人有每个人的活法不应该只盯着人家的好处,5
给我打开小龙妹呀休息哦现在直播的王者荣耀视频,1
查询明天江南气温如何,11
香港那边的喜剧片来一个吧,8
5月26上午播出的兵器面面观-2021-90回放一下,1
云南娱乐九点钟到十点钟播放什么节目帮我看下,4
后天重庆会下雨吗,11
山东体育的真相百分之百帮我打开,10
是否可以继续播放陈思诚导演的电影呢,8
30号到鸡西的火车票还有吗,2
放奥尔加.格鲁申的小说四十个房间英文版的,3
她的心态不介意夺走歌曲的风头,5
酒泉最近哪些专卖店有打折,2
打开中央电视体育赛事，看看体育新闻,1
天然气警报器关闭,10
能不能继续收听一下频率是九二点二的河源电台,6
我可以听一首2018年的KTV点播最多的歌曲吗,5
今天上午到晚上东莞会不会下雪,11
明天下午1点去医院挂号的行程提醒我一下。,7
圆规与尺作正十七边形,8
给我单曲循环2021最热的轻音乐,5
改成明天早上五点半提醒我拿快递,7
五分钟后打开游戏机,10
我想听一整天的邓紫棋唱的粤语歌。,5
帮我查看宁波电视台正在直播的栏目,4
随便播一个王更新讲的历史小说,1
来几首王力宏的比较欢快的音乐呢,5
是不是能把频率是一零三点三的大连交通收听一下呢,6
世界上总有一个人也在找你,8
我还没找着自己的扮相,0
来咱们两个睡觉做个好事,8
我想知道今晚郑州的风向是从哪到哪,2
请问五元GPRS流量怎样开通啊,6
天长地久有时尽此恨绵绵无绝期意思是,8
农历12月11是礼拜几,9
拥有你是我最大的骄傲,0
但很多朋友会替我不平,1
残花落尽何需败柳的含意,5
播一下广播剧绝对契合第二集,3
查询看看3月8日有湛江开往茂名的大巴吗,2
这周日是几号,9
星期几是教师节,9
你可以查到纽约明天的温度是多少吗？,11
回答我中国传统节日元宵节是哪一天啊,9
给田宝宝发短信说我到你家门口啦,10
到六月份的端午节是多少号,9
杨和苏和福克斯是一个厂牌的，随机播放他们俩的歌。,5
帮我找一下最近的餐厅,2
怎么去最近的加油加气站,2
能不能查找9月21日是阴历多少,9
明星是否只享受利益不承担责任,0
从西御街到赛格七的最近公交路线及换乘站台,0
你电话号码可以给我吗,10
能不能帮我查询一下开往汕头的高铁中秋节有票吗,2
几月几号是燕子节,9
我要听掩耳盗铃的故事,3
她表示父母已为她计划好希望她可以重返校园继续学业,0
我需要看一个黄志忠的悬疑片可以吗或者是谍战的,8
播放推理剧的天道吧,8
有没有从上海到新千岁机场的飞机,2
黑夜升晖之旅巡演在今年全球最为轰动的巡回演出中排名第六,8
速度点儿查询明天上午到北京的航班,2
彭立哭诉沦为通缉犯被捕经历疑为旧爱背债图,8
给我播放刘亦菲演花木兰的现场花絮,1
是NBA不是WNBA男女不分,0
四川凉山州的空气湿度是多少。,11
把吹风机的风速调大。,10
除星期天外他每天去上班,7
续播梦里花落知多少小说的第十三集,8
他其实就想找个说法证明自己其实也没有什么大错,0
给我播放一下玄幻小说诛仙,3
讲个英文版的猫和老鼠的故事,3
新闻类的荆州电台新闻频道来一个可以吗,6
下辈子不做女人后一段歌词,10
我刚发了信息让你们帮我找文志社怎么还没回,7
今天穿短袖去临沂会不会冷,11
王仁君借央视中秋诗会向全球华人贺节图,0
刘兰芳讲的父子侠义传播放一下,8
调到河南欢腾购物看看欢腾购物可以吗,0
烈火刀影现在继续播放,8
我想听会儿王月主持的I沙发音乐节目,6
今天和明天的闹钟新建一下,7
后来经过多次练习才达到了理想的效果,6
那张杰和俞灏明得了多少名,10
找一部郭敬明写的小说放给我听,3
我想删除手机里面的歌怎么删,5
我现在就想看大陆女演员迪丽热巴的剧呢,8
什么时候去学校啊要走的时候打给我,7
八点钟的合肥都市房产报道要开始了吗帮我看下,4
赶紧告诉我星期一是几号呢,9
纪录片大小很重要帮我查询一下,1
现在能把频率调到FM97.6的福州人民广播电台吗,6
我想听郭麒麟岳云鹏的经典相声三大才子,3
最近爱丁堡气温高吗,11
这让很多关注此事的网友都惊叹并不解,8
请找个曲艺电台正放花鼓戏的,6
重复播放一下搞笑小说无良王爷恶劣妃帝妃逍遥第二章,3
什么气体能使品红溶液褪色加热又恢复原色,5
并且我们目前都还不是很清楚状况说离开只是传闻吧,8
三明各个影院是否有上映电影乐火男孩,8
播放犯罪心理广播剧第二季,3
现在开始循环播放格林童话中的故事好吗,3
她笑称总会有记者来采访摆孩子照片不方便,5
景向谁依配音的广播剧随便给我播放一个,3
昨天到底是星期几,9
大连近期空气质量稳定吗,11
三点的闹钟去买菜,7
能不能查看一下明天到南京的火车有什么时间段的,2
我想知道常熟下周末会不会下雨,11
周三上午八点四十五会下雨吗？,11
刚才说的什么翻译一下嘛,1
那你怎么知道我名字的,0
今年的泼水节是几月几号,9
帮我把卧室空调调到26度好吗,10
播放张惠妹的听海,5
其后两人被拍到密会男方希望复合但随着女方有新欢二人正式分手,0
对于炒作质疑金巧巧回应道很多事情发生的时间不是我能控制的,6
立即告诉我UU3881航班还有没有票,2
今天中午的新更新的下厨房综艺给我播一下,1
周六沧州会下雨吗,11
查查前天的农历是多少,9
想看主播有情，今天晚上还播吗帮我看下,4
巨塘二中怎么走啊,2
明天9点至12点的闹钟你已经帮我全部打开了吗,7
开车去昌平区天龙苑怎么走,2
我想听一会频率是九二点七的楚天广播音乐台呢,6
打开娱乐频道看看正在播出的神龙策2,4
请记住6点通知我带米酒,7
明天上午8点领取加油卡的闹铃设定一下。,7
给我单曲循环唢呐吹的百鸟朝凤,5
8月17是星期几,9
给小朋友找一个放梁言的体坛夜话节目的频道,6
想听老妖的古风歌儿了,5
问她昨天是否不会进书展,11
想看下今天的江苏城市有什么讲述风土人情的节目,4
设置一下28号上午9点去照相,7
给我们放一首玩乐里的治愈一点的曲子吧,5
想听听快乐晚高峰就是CNR文艺之声的,6
2月18日的了NBA2K19全明星赛给我打开吧,1
放念奴娇.赤壁怀古这首古诗来听,3
我想看颖儿演的电视剧的第20集,8
为什么不能回答我的问题,5
收听频率是一零四点八的苏州经济广播电台,6
知青未必都苦情让观众捧腹大笑眼泪成河,8
查找电影速度与激情9追车那个片段的cut,1
湖南电影台找下今天的电影。,8
幸福归来还是零点播放吗我想看看,8
你帮我定一个二月二十九号下午六点的闹钟,7
给我听一个频率是一零五点六的扬中人民广播电台,6
能播放一首2020年抖音比较火爆的歌曲给我听一下不,5
不要只将明天和后天的提醒删除,7
我要听用俄语讲的渔童这个故事,3
不要删除今天8点的闹铃,7
本周六宁波天晴，紫外线指数是多少,11
我要听FM104点3马洁的谈车论道,6
有没有2号到沈阳北的火车票,2
放瀑布这首诗来听一下,3
我想听古风版的我的一个道姑朋友,5
马上给我报下几月几号是农历的12月9日,9
来几首2011年的电视剧金曲吧,5
到拉萨应该都乘哪些火车,2
立即播放辰东的修真的网文遮天,8
安妮海盗和阿诺机长现在有回放可以看吗,8
续播一下汤姆·索亚历险记的第五章小说,3
可不可以帮我找下去年4月4日播放的周深演唱的相思的视频,1
频率是九七点四的珠江经济广播电台收听一下可以吗,6
想收听魏凡的节目song fan,6
今儿下午有雷阵雨吗,11
甜蜜蜜是70年代的经典歌曲，麻烦播放甜蜜蜜这首歌。,5
播放财经类大连财经吧,5
播一下小说俄语版的战争与和平,3
电视上体坛快讯的上期节目帮我回放一下,4
我是学大教育的邹老师,0
播放周星驰导演的奇幻爱情片美人鱼,8
新京报范范新专辑的造型比以前性感很多啊超短裙高跟鞋,8
请给我续播梦魇桃花的第十章节,8
明天早上提醒我出门带工作服别忘了哈,7
我准备收听FM107.8的怀旧好声音电台,6
你是不能播一下三生三世十里桃花的三十集啊,8
大空调风速上调至五十,10
国庆节是周几,9
平台各地的刘老根大舞台影视剧,11
你是否可以在12月29号叫我买重金属？,7
制定7号下午2点左右跟闺女去买鞋的闹铃。,7
放一个18年上的喜剧西红柿首富吧,8
云南新闻联播十点钟就结束了吗我还想看看,8
播报沈阳七点的气温指数,11
搜索一下天龙八部,1
2018年古装奇幻电视剧香蜜沉沉烬如霜拍摄花絮播放一下,1
播放王林主持的老年之声,6
搜索一下离我最近的药店,2
按节目列表顺序放中国戏剧广播里的秦腔节目,6
戏曲女驸马音频有吗放下,4
南都那今年小小志的生日怎么过的,5
播放神探夏洛克这一部推理电影。,8
你好可以加我吗谢谢了,8
你能帮我看看9月10日和9月9日哪天是星期三,9
把每天提醒我打卡改成每周一提醒,7
新还珠观剧指南它骨子里流着无聊的血,3
18年的电影海王给我播放一下可以吗,8
快查一查到西安的和谐号是几点的呢,2
请不要在3点提醒我干活了,7
鸡西宝宝的故事有卖婴儿用品消毒液吗,11
下午5点的闹钟能不能延迟4个小时再响,7
台北明天早上的穿衣指数是多少？,11
给我来一个孙越最经典的相声,8
明天海淀会结冰吗,11
去北京的飞机是几点的啊,2
开启十五分钟洗衣模式,10
找一下每周六，12点更新的国产动漫,1
瞅瞅大后天是个什么节日,9
设置往后8天每天早上9点提醒我淘宝签到,7
言承旭称与林志玲是好友感情问题回答慢半拍,8
麻雀这个专辑里的歌按顺序播放一下吧,5
创建明天下午5点去买菜的日程,7
给我把跑步机打开。,10
立刻播放一下肖战和王一博演的电视剧的第一集,8
快点告诉我如何从家去学校啊,2
3月是农历几月,9
降下一点儿空调风速,10
打电话给六六三二九八,8
儿童房的空调风速调至6,10
能不能告诉我民谣董小姐是谁演唱的啊,0
今年的中元节是星期几,9
空调温度在调低百分之10,10
听听看东野圭谷的推理小说,8
每个月15号提醒我去寺庙祈求平安,7
中午准备喝排骨玉米汤，帮我把电饭煲切换到煲汤功能吧,10
给我立刻搜索今天的熊出没,1
是否可以播放韩剧mine给我看看呢,8
找出5月29日零点30播出的动漫,1
本报讯记者黄锐海陈楚生与天娱解约官司终于尘埃落定,11
把9号去看李荣浩演唱会的提醒删除,7
在下午一点半喊我吃饭,7
今年的仲夏节是星期几,9
几月几号举行那达慕,9
想让你在七点的时候提醒我回家,7
帮我播放单田芳讲的隋唐演义,8
杨波主持的中国之声继续收听一下行不行呢,6
是否可以让冰箱开启节能模式呢,10
帮我查一下青海大通熏让乡兰家村郭慧敏的手机号儿,2
准备做皮蛋瘦肉粥，将电饭煲切换到炖汤模式,10
帮我回放5月12日的财经的开门大吉,1
我想要在11点跟朋友去打羽毛球，你记得提醒我,7
可以播放穿越火线吧,8
作为国家公民安全的维护者警察在无人区里愚蠢而又无能,6
帮我把客厅空调开到十八度,10
报一下郑州去往深圳的动车是12点的吗,2
不要只删除今天的闹钟，明天的闹钟也全部删除,7
你的火车几点到我去接你,0
挑战不可能上期电视放的我想看下,4
花莲明早穿衣指数怎么样,11
调到音乐频道徐州音乐广播，我现在要听音乐加速度,6
帮我调到河南法制看看法治现场,4
今天降温多少度用穿毛衣吗,11
快帮我创建明天上午8点15分带孩子体检的闹钟。,7
王一博的青春模样能一直单曲循环不,5
钮承泽开心艋获高人气盼影片内地上映,8
我弟下周二生日告诉我农历多少,9
从贵阳到凯里的车几点,2
随便播一个王更新讲的修仙小说,3
再一次相遇我会紧紧抱住你,10
昨天是5月几号,9
启动洗衣机自动清洗,10
昨天下午三点有刺激战场的竞技赛，放来看看,1
告诉我石家庄今天有西北风吗几级,11
张国立的那个铁齿铜牙纪晓岚能播一下第40集吗,8
我需要你续播一下言情剧呢,8
能不能帮我续播一下在看的恐怖片呢,8
来一首吴亦凡的大碗宽面,5
B站上的最美的夜bilibili晚会视频快点给我播放,1
来一首范仲淹的江上渔者,5
帮我开启蒸烤箱的烘焙模式做吧,10
郭德纲于谦的相声帮我放一下,1
给我放爱吹牛的小公鸡这个故事,3
青年演员王鹏凯将接替杜淳领衔湘西王,1
明天天气晴朗吗，能去游乐园玩儿吗？,2
我想听频率是一零五点八的南京交通广播电台音乐台,6
游戏视频备战国服最强铠还能找到吗,1
我想看一个今年放映的喜剧类电影可以吗,8
至于黄子佼昨天他听到双姝会面只淡淡说以和为贵乐观其成,7
请调到FM91.8的杭州交通电台,6
频率是九二点八的山东文艺广播电台立刻放给我,6
今明两天宁波有没有雪,11
我要把洗衣机关了,10
玄幻题材的有声小说随便播一个吧,8
能播放一个赵丽颖今年上的电视剧吗,8
上电视台怎么走啊,2
2011年出的法语歌曲随机来一首,5
讲一下猫和老鼠做朋友这个故事,3
在10:30提醒我去小爱悦拿止咳糖，去日丰管儿拿奶粉,7
美国硅谷第三季这个电视剧不错，播放看看,8
重新看一遍公共的最紧要健康,8
打开昨天六点四十分的湖南新闻联播,6
到过节的时候手机会不会降价,11
想听俄语版的喀秋莎,5
我很高兴见到你的老婆,5
看看今天有重庆飞来北京的飞机不,2
放一首张宇九十年代的《用心良苦》,5
给我来一首刘聪的说唱歌曲经济舱。,5
对于姑嫂散伙的消息记者求证了赵薇助手凌夷,5
能否回放一下早上七点二十分的时事关提案吗我想看下,4
阿杰配音的广播剧随便给我播放一个,3
我需要听一下音乐类的中央人民广播电台三台音乐之声,6
循环播放周杰伦的菊花台,5
帮我把窗帘关上吧，准备休息了,10
我要调大这屋空调的风速,10
周三到济南站的汽车票还有吗,2
麻烦给我播放岳云鹏的单口相声,8
超级QQ发内容到号码怎么弄,2
随便放几个科比的NBA比赛视频,1
可以随机来一首华晨宇的歌不,5
收听频率是一零零点六的资讯早八点,6
去嘉善炮台口高速怎么走,2
水浸传感器打开,10
我想调高温度,11
请循环收听秋扬的凌晨三点半,6
正点财经2021年5月25的节目回放给我看,1
明天早上7:40你可以提醒我带纸吗,7
帮我查一查到张家口火车票,2
今年有劳动节放假七天,9
循环收听频率是九九点一的十堰车城之声,6
能不能告诉我河源开往佛山的火车出发了吗,2
0点75倍速放冯绍峰袁姗姗演的创业时代第五集,8
知道不知道连云港始发的动车哪天有票,2
请你给我设置一个明天早上11点接朋友的闹钟。,7
我们承担了什么样的社会责任,9
我要学草原迎宾曲，播放一下,1
有声小说长歌行给我播一下,8
开启洗衣机节能模式可以吗,10
佛山到广州的是不是到站了呢,2
河南新农村的美丽的家现在播放了没我想看下,4
有部剧叫致我们甜甜的小美满请放一下,1
帮我侄女打开嘉佳卡通的超级飞侠吧,10
放2021年春晚小品一波三折给大家听,1
我想听下零点的音乐旅途节目,6
农历什么时候是沐浴节,9
单曲循环琵琶曲月儿高,5
而事情刚告一段落昨天网上又出现了郝蕾当街痛哭的照片,8
QQ飞车中装备了一个大红灯笼后跑完全程有什么奖励,0
西班牙西红柿大战是几月几号,9
乃万专辑Dear X里的歌都很好听，你能随机播放一首吗？,5
凌晨两点的电影吧结束了吗帮我看下,4
回放昨天少儿台播出的小小智慧树,4
小说给我放莫泊桑的羊脂球英文版的,3
餐厅中间的大屏幕上连续播放儿子的照片现场气氛其乐融融,1
长三角之声就是新闻台就听它了,6
给我看一下到广州的开车路线,2
据悉除了证人的身份刘芳菲并没有被牵涉到王益案中,7
赶快查一查开往东莞的特快列车出发了吗,2
到北横新村怎么去,2
请给我把暖风的温度调低百分之5,10
来一首凤凰传奇的月亮之上，我要跳舞了,5
问一下去香格里拉的机票还有几张,2
给我播放惊悚类的有声漫画,1
2009年上的陈赫的电视剧可以播放一个么,8
播放蒋欣主演的天龙八部。,8
把风扇风速调到三挡。,10
随后黎明与乐基儿杨千与丁子高统统都被网络曝光已婚的事实,0
问侧田不怕郑融的绯闻男友刘浩龙听歌吃醋,8
起来了吗今天好冷多穿衣服看把你冻扁了,8
去年七月沧州下大暴雨了吗,11
查询明天大理紫外线会偏高吗,11
查下日历后天到底是几月几号啊,9
后天呼和浩特空气质量怎么样,11
成都最近天气怎么样有雨吗,11
中文的最最悲伤的歌如生命要继续,5
放空这个专辑里的歌曲随机来一首呢,5
紫外线指数多少用不用防晒,11
黑胶时光节目我记得是星河音乐主持的帮我调一下,6
帮我查询农历的几月几号是清明节啊,9
今晚九点半在B站播出动漫转生成蜘蛛又怎样帮我找一下,1
不是退休了吗怎么还在拍戏,0
我之前收听的FM107.8的怀旧好声音电台很好听的帮我找一下,6
请给我读一下章鱼讲故事讲的科幻小说,2
有没有最新的日语歌听,10
内蒙古可能会出现持续降雨吗,11
我想了解明天江西气温变化,11
麻烦关一下水浸传感器,10
我最喜欢看绝地求生的直播,1
打开6月1日的名为走失儿童的纪录片,1
我这边下雪了，老家山东那边天气怎么样？,11
自从婚变消息传出后谢霆锋与张柏芝从未就此事好好面谈,0
找个经典国漫看,1
蔡明亮构思三年的新片脸将于下月一零日正式在法国卢浮宫开拍,8
播放一下美国和加拿大出版的电影猫鼠游戏。,8
继续播放宁波的天气情况,8
侯门遗产风波陷瓶颈侯耀华绝无可能私了,8
给我播一个悬疑小说七宗罪,3
在哪些国家同性恋结婚是合法的,0
放一下冯巩曹随风的小品我就这么个人听听看,6
放一下英文版的钢铁是怎么炼成的小说,3
可不可以告诉我11月10日和11月9日哪天是星期日,9
告诉我周三下午去长沙的汽车票,2
下周六是农历几月几号,9
初学者这个专辑里面的花儿与少年可以给我播放一下不,5
你现在在宿舍还是在上班,0
奈何里的女儿播放一下呢,5
买的冰淇淋到了，冷冻柜的温度得调低啊。,10
继续收听一下频率是一零三点四的惠州人民广播电台,6
元宵节在星期几,9
随便播一个重生的有声小说,3
帮我查询明天苏州室外温度多少度,11
而此版的许多人物也是符合现在八零九零后们的口味,8
有什么方法可以让头发定型除发胶定型水外,8
你又不是我女朋友你怎么陪我呢,0
给我播放武侠类的有声漫画,1
给我随便找一个已经完结的战斗动漫,1
望果节是周几,9
男人是不是三十岁如狼四十岁如虎,0
这时候没有空吃饭，帮我把电饭煲开启保温功能吧,10
查一下还有几趟班机去上海,2
吴奇隆走出情伤全力工作很充实很快乐,9
可以将8月12号到9月17号的提醒全部删除吗,7
给我找一找吃货俱乐部在意大利拍的那一期,8
还能不能找到2015年上映的纪录片迈克尔杰克逊和他的时代,1
今年最高点击的抖音歌曲来一首吧,5
我要去曲靖市政府南门给我看看怎么去,2
嗯好啊过些天和海鹏我们一块儿回去肯定能进,8
陶子认为偶像已经有很多人在挖掘不差我一个,0
影院经理对非二有信心,8
周三北票有没有可能下雨,11
姜广涛的配音视频能帮我找一下吗,1
内蒙明天会有大风出现吗,11
天水美女在新丝路比赛中的冠军,1
可以帮我看看今天的广西公共有什么电视剧看吗,8
查询明天六点绥化有雨吗,11
换个唐嫣和窦骁演的时间都知道,8
快速回放中午中央5套的体育比赛,1
情急之下两人向刘伟强发出邀请希望他能够支持,0
方舟子灭中医那是他搞不懂,0
切换到少儿频道正在播出的熊熊乐园3,4
可以把风扇调成直吹风吗,10
比较想看广东珠江的外来媳妇本地郎，帮我找一下,1
随机播放90年代的经典音乐,5
你对讲述人生意义类型的电影感兴趣吗,8
现在给我建一个提醒明天早上8点预约科目一考试，我怕我忘了,7
我打你电话怎么打不通,0
呵呵不睡了中午再睡我去洗衣服了,7
查看明天有没有三亚飞新加坡的飞机吗,2
今天下午9点的闹钟现在给我定好,7
还有去广东哪里的高铁,2
将空调除湿功能开启吧,10
让我知道珠海去往广州的长途车发车了没,2
与健康同行是不是十二点四十分播放帮我看下,4
我要听用法语讲的顽皮的孩子的故事,3
把中央人民广播电台的文艺之声开开,6
赵丽颖演的悬疑片谁是凶手继续播放,8
调一下空调温度到二十二度,10
有白色斑点的芦荟有毒吗用来敷脸效果怎样,0
9号回湖南的那个提醒能不能帮我删除了,7
找到最近的快餐店的路,2
查询上个月中山的总降水量,11
日黄昏以为期兮下句是及出处,9
新京报不过经历了低潮期一定也会有收获的是不是,11
现在希望可以听到法语版的依恋,8
给我定一个周四下午3点的闹钟,7
杭州到南京我觉得飞机比较快,2
我现在想要你帮我记一下今天下午三点有一个重要会议要开,7
查一下今年上元节是星期几,9
查下日历明天的农历是多少啊,9
走哪条路从天坛到西直门不绕远,2
梁家树表示香港很久没有拍这种题材了,0
问到男友是否经常逗她开心她说一直我都好开心本身好开心,7
切换到正在直播的向幸福出发-2021-20,4
我不去当裁判了谢谢祝取得好成绩,11
面对传媒追访她只好强颜欢笑笔者上前问她对造型满不满意,0
我想看北京卫视的北京您早帮我搜索一下往期视频,1
请问成都市博物馆四川省博物馆地址电话谢谢,0
其实水货同行货比哪种好,7
电影频道5月26上午播出的天净沙回看一下,4
能给我来一个剧情片大宅门吧,8
4月16日的斯里兰卡青睐中国这个视频能找到吗,1
时隔两周何念工作室决定诉诸法律,11
明天是传说的世界末日,9
晚上八点左右济南少儿有什么适合儿童看电视节目吗帮我看下,4
任达华半开玩笑地说袁咏仪好像已经怀孕了但被袁咏仪马上否定,7
查一下退伍军人节是星期几,9
吕良伟妻子斥周刊造谣两女儿实为侄女图,0
现在请收听可心的可心电台,6
在书中琳恩还表达了自己在发现一六岁的女儿吸毒时的恐慌感,1
提醒我今天去营业厅办理业务,7
请用英语播放王维的西施咏音频,5
这种故意请模仿明星代言是否合理,9
空调风速调至百分之50现在太小了,10
零点24播出的旅游景区天气预报再播放一遍,1
麻烦帮我播放泰国的讲校园青春的剧天使之恋,8
8月8号5点的闹钟帮我关掉了吗,7
回放下广东珠江的元宵节联欢晚会,1
刘晓庆曾拒绝与姜文合作再也不说做女人难,8
杨颖觉得这是一件非常浪漫的往事,8
到牛塘中学要怎么走啊,2
绵阳后天可能有雨吗,11
我想继续收听向菲主持的中国之声,6
快点查查大前天是几号呢,9
对此我感到十分内疚想透过这个道歉声明向大家表示深深的歉意,5
汪汪队立大功的相关视频按照时间顺序播放,1
帮我查询然后给我订几张深圳到北京的机票,2
换一部电视换一部电影,8
来首侬本多情里面的情歌吧,5
请问什么时候是元宵节,9
我想查看4月30号的广西影视有什么令人心动的电影帮我看下,4
打开江苏卫视的父母爱情看一下,4
什么时候是花山节,9
帮我看看中央人民广播电台老年之声的主持人是谁,6
我想听70年代的爵士舞曲,5
前天是几月几号,9
我要听钢琴伴奏的英文歌曲呢,5
现在就把空调关了吧，太费电了,10
好想收听中国国际广播电台的新闻,6
画面中以一件印有红唇的恤蒙住嘴巴象征她在,5
CCTV1在2点31的晚间新闻回放一下可以吗,4
记得在5月1号提醒我找周家伟拿钱,7
我要听英文版的小星星。,5
到湖州仓山区怎么走啊,2
帮我查一下周一上午会不会出太阳。,11
帮我搜索一下早上七点零一分的郑州大民生吧我想看下,4
我想看一部80年代的战争片,8
顺序播放一下张学友的醒着做梦里面的歌曲呢,5
藏历年是什么时候,9
麻烦推送下今晚的广东珠江的节目,4
鱼味男孩的节目帮忙回放忘了哪个台了,1
帮我打开今天的辽宁宜佳，我想看下载直播些什么,1
昨天晚上珠江的六三零新闻打开了吗我想看下,4
立刻播放2020年4月出的动漫百妖谱,1
林允儿拍的韩剧可以来一个看么,8
杨颖邓伦朱一龙演的我们是真朋友找到并帮我播放,8
给我找到开车到福州南站的路,2
空调给我关机啊,10
新报记者吴轶凡文朱良城摄,0
未来三天鸡西有雨吗,11
请帮我设置一个周六上午9点去钓鱼的闹钟。,7
农历的惊蛰是星期几,9
历史类型的广播剧播放一个吧,8
请告诉我复活节是几号。,9
把榨汁机开开，我想榨点果汁。,10
下个月3号的下午5点出国的闹钟帮我设置下。,7
放玻璃瓶中的妖怪这个故事的英语版,3
这雪什么时候能停,11
提醒我后天上午8点去交水费,7
幺三八零七八七八八五幺,8
搜索宁波电视台的健康有1套,6
音乐电台有正在放摇滚的吧找来听听,6
循环播放一下安徒生的童话故事拇指姑娘,3
我想用我朋友的手机号码定位,5
请播一下小铃铛这个故事给小孩子听,3
查询一下江苏今年的空气湿润程度,11
9号上午10点的签售会提醒我一下。,7
我十点去郑州会不会堵车,2
我弟周一上午要开运动会，一定给我设置好闹钟,7
帮忙告诉我怎么骑车去市政府吗,2
洗碗机已经把碗洗干净了，把它关掉吧。,10
请播放内地原来拍的古装戏杨三姐告状,8
你是不是忘记给我说今天也是充满希望的一天,7
我想看今早的北京早间新闻，帮我换台,4
有声小说神藏播放一下,3
现在赶紧给我查10月11日是阴历多少,9
中午11点40分的DV现场给我回放下吧,1
我想观看演员李易峰主演的号手就位。,8
李冰冰亲们要点击查看大图才有效果呀,2
查询未来一周天津少雨吗,11
李湘骑着自行车缓缓前行穿着白色的连衣裙仿佛回到了校园时代,8
陕西交通广播的节目给按时间顺序播放,6
随机找一个新闻电台啊,6
今年的什么时候是陇端节,9
就放一遍王宝强主演的唐人街探案三。,8
娱乐节目效果追求的就是语出惊人巨大反差,0
我应该怎样骑车从国家大剧院到王府井呢,2
24个小时后去医院打针你能不能叫我一下 ,7
立刻续播沈腾的电影,8
播放言情剧恋恋不忘,5
万名歌迷票选容祖儿十年至爱造型图,0
何炅主持的快乐大本营帮我播放一下,1
国庆节是这月的几号,9
看一下下周五是几号,9
现在杭州那边空气质量怎么样,11
既要做到准确还原又要符合现代审美是挺难的,8
东湖新闻都是每天十二点三十五分开播吗帮我看下,4
老赵的回答甚是干脆我公司里这么多人够用了不用外人了,0
上次那个电台我挺喜欢，好像是门少华主持的生活小贴士,6
播放欧美动漫冰河世纪3,1
把空调温度调低到20度,10
快乐生活一点通昨天有播放吗帮我看下,4
今天空气有点干燥，帮我把加湿器打开,10
我要听李白的清平调朗诵,5
我现在感觉罗晋演的山海情挺好看的，能不能帮我搜索一下,5
需要我提醒你快点吗,7
播一下著名小说变形记的第三章,3
帮我查询一下今年的春节是星期几,9
山西湿度怎么样,11
播放周华健的朋友,5
山东台昨天的山东新闻联播重放一下,6
有话题婆媳相处铁律是距离,9
能不能给我唱一首好听的古典乐,5
最近空气比较干燥，我要开烟火报警器。,10
CCTV1典籍里的中国-3帮我搜索一下,1
对我来讲辣妹本来就是好看的东西当然喜欢看,8
播一下阿朗的故事电台,6
音乐电台放法语歌儿的找个听,6
从东直门到天坛到底该怎么走合适呢,2
把风扇调整为自然风,10
打开洗衣机,10
给我找一个音乐台CNR音乐之声就行,6
范伟上央视当老大透露幸福秘方,8
吉林新闻联播是在今早六点播过了吗我想看下,4
清明雨上听说是写给许嵩他女朋友的,8
把今天下午2点去办银行卡改成下午4点,7
给我看下上海开往杭州的高铁今天有票吗,2
查询未来一周哈尔滨天气,11
最受欢迎书籍小鬼日记,8
你给我单曲循环一下夜半小夜曲可以吗,5
时间不对，帮我把智能闹钟的时间调成北京时间吧,10
推荐几本写上流社会生活适合有钱人看的杂志,8
能帮我看一下这个月的1号是农历哪天吗,9
山西卫视的天气预报什么时候进行啊帮我看下,4
打开音响，播放一首纯音乐,5
查找国产动漫罗小黑战记,1
立即查查XA9311航班还有没有票,2
我要一直单曲循环冰柜,5
给我放一下袁隆平的纪录片吧,1
放一下五月天演唱会唱歌的视频,1
查询一下成都飞上海的机票还有吗,2
那你和凌潇肃会在一起吗,0
岳云鹏主演的喜剧片煎饼侠开始放,8
东京奥运会在明年几月份举行,8
北京舒馨园清洗保洁公司,8
报一下是否沈阳开往上海的普快进站了,2
播放一下托尔斯泰的小说复活英文版,3
回放前天凌晨两点零五分播放的我最爱的电视剧七十二家房客吧,1
不过在大家的连番追问下邓超还是透露了一点点内容,0
有没有曹盾导演的古装剧播放一个啊,8
设置6:50和6:55的闹钟,7
好几个台都在播安妮海盗和阿诺机长呢帮我找一下,8
江苏卫视的时代问答帮我重新再放一次,0
南昌都市的非乐不可啥时候播放啊帮我看下,4
我为不严谨而道歉但这不会影响到我今后发言的直率,0
明天要去浙江出差，那边天气多少度？,11
超级想看黄晓明出演的烈火英雄,8
帮我定一个明天晚上8点辅导孩子写作业的闹钟。,7
星期几是儿童节,9
附近有没有什么好玩儿的,2
11号到16号永康天气怎么样,11
9点29在北京卫视播出的上午剧场:奔腾年代(30)再回放一遍,4
告诉我这个月的农历16是多少号,9
作者是引路星的广播剧播放一个给我,3
广播剧杀破狼的主题曲帮我播放,5
昨天9点30在中央9套播出的跨过鸭绿江帮我放一下,4
打开高德我要去竞秀公园,2
让他一夜之间从武行变成金马奖最佳新人,11
帮我播放岳云鹏和孙悦的对口相声,3
怎么把空调调低点 温度调低,10
给我找一个美国去年上线的动作大片,8
我需要你播放一个日本的推理类电影呢,8
孩子们爱看密室大逃脱游戏类节目搜一下吧,1
昨晚居然睡着了回放广州竞赛今天零点的体坛点击吧,1
今年的元旦是农历的几号,9
你真的电话号码是多少,9
放浙江卫视6点20播出的今日聚焦,4
下午3点开始的女子双打乒乓球赛现场准备花絮可以看看吗,1
这个空调风好大 调低些,10
找到一个日本的今年出的偶像剧看看呢,8
查一下2月19号是星期几,9
想接着听魔法公主的第二章,3
给我看一个2009年的香港电影可以吗，不要现代的,8
是不是能来一个频率是一零四点五的云梦交通音乐台呢,6
科教台播出的健康之路-2021-146回放一下,4
光棍节儿快乐光棍节儿快乐,9
郑州教育的信息时代今天六点播放么帮我看下,4
我想骑车去大慈阁小区帮我看看怎么走,8
你是不是能播放一下REVISIT里的歌曲呢,5
生而为人这首歌是小明的最爱，帮我下一首播放,5
请续播言情小说天才医生的第五章,3
我现在要听英文版的灰姑娘的故事,3
其实不必问这么多所有答案本人都很清楚,5
绵阳明天空气质量怎么样,11
福州飞往洛杉矶的航班是不是明天有票,2
今天的贵州天气预报准备播了吗帮我看下,4
2000年庞龙唱的歌来一首可以吗,5
湿度改成百分之80卧室空调的,10
放杜牧的秋夕来给我听一下,5
李宇春超级女声夺冠的那段唱歌视频还能找到不，我想看看,1
我要听现在播的下班超有料就在保定经济广播,6
我想看使徒行者给我找一下影视连续剧版的,8
未来若真的设置赌场可能不考虑至澎湖拍片了,0
将今天下午3点多发邮件的提醒设置一下。,7
找一下怎么坐车去农业银行,2
找到动漫画江湖之不良人的第1季按列表播放,8
帮我播放杨幂黄子韬演的谈判官,8
冰箱变温抽屉的苹果放了多少天了呢,10
听说中国梦在电视上播呢帮我搜索一下,1
播放一下春三月啊乡村音乐的那个,8
快点给我查查还有去湖南哪里的动词,2
周末特供2021-316的节目回看一下,1
主人公穿越的有声小说随便播一个吧,8
给我打开我体育频道正在播放的节目,4
开车自动开启陕西秦腔广播的音乐发烧友听歌,6
导航到聚缘精品店的路,2
请循环播放后羿射日这个小故事,3
现在就播放一下古筝版的十面埋伏呢,5
宁夏奥德电子商贸有限公司石嘴山安防系统工程分公司金牌联盟,11
今年播出的热巴的剧长歌行播放给我看看,8
播放CCTV1正在直播的绝密使命,4
羊城晚报是什么让你离开又为什么会回来,8
我的这个号码为啥能接不能打这是什么原因,8
今天赵小棠为喻言庆生的视频能找到吗,1
那你可以直接坐车到PGP啊我一会看看蚊子哥和包子去不去,8
海淀今天刮得是北风吗,11
再放一首小田音乐社的沈园外,1
能给调到中国之声吧听听新闻联播,6
周二上午十点会下雨吗？,11
音乐类的荆州电台音乐频道可以收听一个不,6
会长我不想干了累死了你找个人来帮我吧,8
查下日历前天是哪个节日呢,9
把空调风速调大十格,10
你失败下既然没吃过哈哈吃了你就会觉得大马的是人间美味啊,0
请帮我删除4月1号去参加讲座的备忘录,7
我要听陈力的葬花吟,10
陈冰晶主持的都市之声现在就播放一下可以吗,6
放一个孟郊的游子吟来给大家听吧,3
宫斗重生有声漫画播一个给我,0
现在开车去北京火车站的最快路线,2
想去放风筝，贵阳明天能放不,11
农历的哪天是15号,9
播放104点2蚌埠经济广播电台,6
帮我换台到电视八点播出的电视剧爆射遁甲我想看下,4
请给我播放2017年美国电视剧球手们第三季预告片,1
快查查上海始发的飞机是8点的吗,2
今晚二十点安徽影视会播放什么类型的电视剧帮我看下,8
帮我订一张最快飞重庆的商务舱,2
请柬还提醒宾客要注意保暖防寒并提供红景天等抗高原反应药品,7
从济南到北京坐哪趟火车,2
可以不可以把风扇风速调为2档,10
洗碗机的清洗力度调大一点吧,10
看看13点有珠海始发去汕尾的汽车不,2
查看一下2021年5月24的晚间新闻视频,1
让家里的智能台灯亮一点儿,10
广东人民广播电台FM99点3的给我调过去,6
把卧室的除湿机湿度降到三十度,10
赵本山告诫小沈阳千万别离婚,10
设置下午1点半午休的闹钟,7
顺序播放一下汪苏泷的歌曲可以吗,5
随便找个生活台就听FM99点6的周末动起来吧,6
回放2018年刺激战场城市联赛的视频,1
我要听FM107.8的怀旧好声音电台,6
人民广播电台给我拨一下要听王建立的节目,6
5月18日城市有什么节目播放吗？帮我看下,4
朝闻天下5月1的视频再播放一遍,1
主持人常贵田大声感慨亲情最可贵,8
父亲节是5月的几号,9
请不要将15点的闹钟修改成17点,7
播一下李煜的虞美人来听,3
调至最大空调风速,10
金姬和银姬的命运上世纪七零年代在中国上映时曾轰动一时,0
2:55你能不能提醒我上小米直播,7
开启空调的静音模式好吗,10
放频率是一零四点五的跑火车电台,6
我要听郎朗的钢琴曲可以吗,5
播放推理类型的广播剧听听吧,8
查看国防军事频道破阵的往期视频,1
HUAWEI Mate 40 Pro的开箱视频找一下,1
去长城公司的路有几条,2
查找电影我喜欢你花絮,1
查询去哈尔滨的机票还有吗,2
我想听东郭先生和狼的故事,3
李雨儿并不是传说中的朱丽倩表妹她是湖南妹子,8
来一个频率是一零三点三的黄石交通音乐台可以吗,6
重播7点37钻石剧场你迟到的许多年,4
就是迪丽热巴演的那个古装剧，播放一下第32集,8
设定后天上午10点洗奶瓶,7
正月16是星期几,9
立即查询礼拜几是7月的15日,9
麻烦播放张云龙和乔欣演的趁我们还年轻按列表放,8
我想看中国动漫刺客伍六七主人公剪辑版,1
由吾恩演唱的人间纵我快帮我播一下,8
现在请给我放著名小说追忆逝水年华俄语版的,3
能把戏剧类电台海上戏剧给我播放一下吗,6
删除明天11:10的闹铃,7
回放湖南卫视昨天的新闻大求真,1
快点儿关上水浸传感器啊,10
张若昀演的庆余年影视版给我播放,8
阿斩钉截铁否认传闻而阿娇则说工作未安排到这么远,6
香港电台第一台的频率是FM93.5,6
播放玄幻类型的广播剧听听吧,3
9号和10号的提醒不需要了,7
陈琳的母亲当时被沈永革操刀的追思会的虚情假意给蒙蔽了,8
重播昨天的体育赛事,1
郭麒麟和宋轶演的赘婿给我放一下,8
最后哪怕在一夜暴富的情况下也没有失掉自我,8
找一部最热门的国漫随便哪个都行,8
这次再冲击金狮奖杜琪峰仍对此行表示期待,1
大后天是农历几月初几呢,9
前天看的美国电影继续播吧,8
星期三会刮大风吗？,11
我想观看宫崎骏的龙猫。,8
3月5号2点的提醒取消,7
能不能将5月20号的备忘录删除然后新建一个3月10号的备忘录,7
今天还有县城到东莞的汽车票吗,2
大家明天千万记得带护照晚安,11
设置一个6号上午8点带孩子去游乐场的闹钟。,7
请问一下圣诞节是星期几,9
17号请记得帮我建立提醒关闭系统,7
要出去一趟，帮我把风扇关掉吧,10
能找一个91年拍摄的喜剧看一会吗,8
帮我调到吉林生活我想看看有什么有趣的生活节目,4
当记者问道此事之后有没有跟阿忆试图联系沟通,8
刀客家族的女人是在湖南卫视国际播放的吗帮我看下,8
下周星期二是母亲节吗？,9
今天有军事新闻吗，放来看看,1
明天南京会不会下雨呢,11
宰执天下的有声小说听起来很一般,6
南方周末迄今为止你的电影故事没有晚于一九八零年的这是为什么,8
现在请收听中国之声，望远主持的,6
我想播放美国出版罗马假日。,8
能不能给我来一个大陆喜剧飞驰人生,8
快速打开江苏公共新闻的奇趣大自然。,4
提醒我和朋友一起去看电影在20号的时候,7
而受无线力捧的林峰在当时的价位并不如外传有薪价过百万,8
坐公交如何去北京故宫啊,2
三个多小时的节目动情点笑点不多让人记住的好节目几乎没有,6
频率是九七点二的阳江电台现在给我收听一个行不行呢,6
靳羽西表示这些都是过去的事当初不是我做主席,8
你今天要把衣服洗了，我把洗衣机打开,10
农历的皮卡丘节是哪天,9
快帮我回放湖南卫视5月27上午播出的我是大美人,4
昨晚记者联系到苏有朋的助理郝女士,6
我要听英文朗读的望岳,5
但对于这件事本身我却并没有感悟,8
帮忙把7月10号的提醒改到1月3号提醒,7
能不能查询然后订三张明天早上大连飞成都的机票,2
给我找出姜广涛和袁铭喆合作的广播剧听听,3
山东卫视播完问政山东后会播放什么节目帮我看下,4
放一个萧鼎的网文玄幻的,3
能否让我知道农历3月初3是哪天,9
不知道还能不能找到冯巩和牛群演的小偷公司小品吗想看一下,8
2021MSI比赛电视有直播吗快看看,1
给小朋友讲一个画饼充饥的故事来听,3
如果我现在要去兰州下来办事能给我提供哪些宿食方便,0
查下通化6号的平均气温,11
我想随机播放一首80年代的英文歌曲,5
搜索社会与法频道播出的法律大讲堂往期视频,4
明早6:40的时候，请叫我不要播放音乐,7
请播放法语版的茶花女,5
右腿绿色卡特彼勒七七三型号自动倾卸卡车,8
成奎安四代都住香港南围,8
给我放个小品吧就2021年贾玲和张小斐演的一波三折来看看,1
将卫生间的灯关上行吧,10
报一下什么节日是11月11日啊,9
今年的春节是什么时候,9
青年下午茶是不是在合肥频道播放的，看一下,4
那么两人之间到底是什么关系,9
帮我看看5月4日是星期几,9
广州今天可能会下雨吗,11
查询明天六点台北有雨吗,11
江苏省泰兴市七圩镇朱张云的基本信息,8
快点找出来电视剧西游记里的沙僧cut视频,1
播放一人之下这部内地和日本共同出品的电视剧。,8
中央3套播出的综艺喜乐汇帮我预约播出一下,4
广西卫视现在播放的是广西新闻吗帮我看下,4
赶快给我查询一下开往广州的动车哪天有呀,2
5点有青岛始发到济南的动车吗,2
查询丽江的穿衣指数是多少,11
上午八点的合肥经济新闻联播啥时候有回放啊，好像看耶,6
请问作文题目是教养的芬芳文体不限的作文怎么下笔,5
什么时候会降温,11
首先他是孝子心疼他妈妈疼,7
开始打开我的空调冷气,10
而车永莉扮演的翠玉则是很讨巧的角色,8
明天晚上7点回老家帮我定一下吧。,7
阿陈伟霆公开恋情公开亮相图,5
我想听一下冯巩的小品返乡,5
让我知道农历12月1是礼拜几呢,9
能随机播放一下纯音乐吗,5
给我放一下闻人听书的虞兮叹,8
他笑说漂亮是最重要的,8
中央台生活类的节目随便来一个可以吗,6
请在2分钟后告诉我11月5日是星期几,9
动我钓鱼岛血洗你东京,0
湖州现在昼夜温差大不大几度啊,11
播放河北二的都市侃房,8
请找有关邓超的综艺,1
重庆下过冰雹吗,11
只不过有的人却演的很假,8
继续播放一下刚才看的言情剧可以吗,8
帮我打开电风扇。,10
给我放一个郭德纲的搞笑相声听,3
萨噶达瓦节是星期几,9
日本拍的恐怖片给我找一个看看,8
你帮我增加一个下周一凌晨一点的闹钟,7
放一首利益诗词江南曲来听吧,3
我要查询一下发往揭阳的大巴明天有没有票,2
帮我播一下路知行和魏超合作的广播剧,3
游戏频道正播穿越火线cf直播快看下,4
我还是觉得收听FM107.8的怀旧好声音电台吧,6
给放一下上海人民广播电台的节目,6
给我找出景向谁依和羊仔合作的广播剧听听,3
播一下郭德纲于谦的相声兄弟情长给儿子听,3
来一首欢乐一点的西班牙语歌曲吧,5
我想听一些言情小说帮我找一个播放量最高的,8
景甜献唱美女老板主题曲韩国制作人打造,5
给我开启洗碗机,10
帮我重播昨天体育频道有个节目叫说唱CBA特别好玩,1
查询明天江西气温如何,11
帮我把客厅空调打开吧,10
郑州时政啥时候有直通政务帮我看下,2
重复播放一下2016年特朗普竞选总统的视频,1
西安到济南的火车票查询,2
能否告诉我去荆门的客车是几点的呀,2
取消我所有的提醒，包括5号和15号,7
有没有盗墓的有声漫画啊我想听,5
现在下午五点了，快看看那个台是不是影视推荐快开始了,7
给我回放2012年张学友的演唱会视频,1
继续播放一下张国立的那个古装剧,8
齐天这首歌我要听华晨宇唱的,5
嗯我会的你们要你们好好的呦下次送好吃的给你们哦,8
最高人气的爵士乐来一首可以吗,5
因为他们是明星最信任的人,0
我要听科洛迪的木偶奇遇记法文版的,6
就连齐秦也是一两年才打通电话问候一下,6
把空调风速减小到百分之60,10
报一下现在空调的温度吧,10
请用英文放国王与鹤这个故事,3
帮我记一下后天6点去我哥哥家,7
请循环放一下聪明的小乌龟这个故事吧,3
打开日历查询一下农历9月12是11月5日还是11月6日啊,9
麻烦给我播放郭德纲的单口相声,8
重复收听频率是九零点七的江阴交通广播电台,6
告诉我知道元宵节是星期几啊,9
徐静蕾没有底线法律就是我的底线,5
几月几号是青年节,9
新闻360中午接近十二点的时候播了吗帮我看下,4
关闭掉灯光的日间模式,10
换了人间-（四套）-16/40正在CCTV4直播观看一下吧,4
翡翠白玉青玉玛瑙釉玉黄蜡石哪种玉最好怎样区别,7
我想取消5月7号走亲戚的这个提醒 ,7
我想要看2009年上映的探索自然地理的国外纪录片自然界大事件,1
前天的农历是多少,9
我需要看一个曹盾导的悬疑剧呢,8
你的字写的太难看了要好好练习,0
播放412集怜可兄弟的相关视频,1
放一个朗读的送别，不是那个歌，王维的诗,5
而老徐也默认已有男朋友但并不是传言中的生意人,8
郭涛产量惊人水平参差,10
悬崖是不是在CCTV8播出已经播放到第几集了，我想看,8
蝙蝠侠前传暗夜骑士最快也要等到九月才能上映,8
播放摇滚版挪威森林,5
在此我们也代表汪峰再次感谢广大歌迷对他的关心,8
周蕙勇闯槟榔摊买提神液黄义达任新单曲制作人,5
幸亏被同屋女孩及时发现紧急送往医院抢救目前还在昏迷中,0
明天还去社保局不来的话提前给我发信息,7
我活得好陈琳在九泉之下才放得下心,8
西班牙语言的歌曲随机播放一个呗,5
能把骑车去步行街的线路告诉我吗,10
去桂林可以乘高铁吗？,2
把热水器打开,10
播放美国动作电影速度与激情2,8
我想看童蕾在6月15日拍摄都市丽人的花絮视频,1
快点打开日历查看9月15日和9月6日哪天是星期日,9
杭州上月有下雪吗,11
找到FM107点7听男人广播,6
立马给我建一个备忘录12月30号跟男朋友去逛街,7
林依晨被曝将息影跟随男友赴美充电,8
推送下元宵节当天教育的经典节目,6
搞个搞笑的剧武林外传可以播放一下吗,8
儿童节是什么时候呀,9
我要了解雄安近一个月的气温升降变化,11
有点儿想看过年七天乐给我回放一下,1
帮我播一下阿春主役的广播剧,3
冰箱冷藏室的温度调到零下十度,10
查询上月唐山下大雨了吗,11
听说觉醒年代播了帮我调下台找找那个节目,8
邓萃雯欲在内地找老公米雪称太忙没时间结婚,8
让我知道9点有哈尔滨去沈阳的火车吗,2
麻烦帮我接着放长相守,8
我给家里打电话了没什么事谢谢你的关心,8
请问我下午订的杭州去武汉的飞机票何时能送到手,2
如此人物设置自然就少不了黄瑶萱与各种外国人打交道的戏份,7
查一下六一儿童节是周几,9
这周的周一提醒我要去交物业费,7
潘粤明心目中的好父亲,0
羊仔配音的广播剧随便给我播放一个,3
下午六点山东体育在播放什么节目,6
你能现在就播放下美国电影阿甘正传吗,8
初恋这件小事花样美男抢韩星风光,0
找一下到天津西站的路线,2
能调到河南国际查看今天有什么吸引人的节目吗,6
有声小说竞技女孩给我播一下,4
快查查2017年端午节是周几,9
给我找到乌鲁木齐维语广播的听众点播,6
能否帮我打开杨超越在创造营101跳舞的合辑视频,1
帮我设定晚上10点洗漱的闹钟,7
请收听频率是九二点四的高邮电台,6
请播南光的中央人民广播电台银河台,6
在6点03播出的军事纪实-2021-103回放一下吧,4
明天晚上8点追韩剧的行程帮我定一下。,7
可以给我放一下2020年抖音最火爆的古典音乐吗,5
帮我播一下黑龙江广播电台天天说新闻,6
我正在收听中国之声的新闻,6
CCTV空中剧院-2021-46 京剧《王宝钏》访谈往期视频回看一下,1
帮我定一个周五晚上7点做饭的闹钟。,7
等会提醒我去找忠玉,7
呵呵我班主任给我说了好长时间了我一直没写好,0
请给我播放纪录片城市梦的第二集,1
张柏芝怒斥弃养母亲传闻图,0
我想听一首2020年的古风音乐呢,5
美国动漫汪汪队立大功有小片段播放吗,1
找到钟汉良和谭松韵主演的锦心似玉并播放,8
请用英语讲骑鹅旅行记这个故事,3
不过不能用比捐来掩饰诈捐,9
随便给找一个连载的国漫看,1
放一下从军行这首诗给大家听,3
告诉我后天陇西有雨吗,11
我也想知道你到底喜不喜欢,0
请问你们班毕业生党员人数,0
播一个刘琮配音的刑侦破案广播剧,3
最佳技术成就奖怪兽的视觉效果,5
姜广涛和路知行配音的铜钱龛世帮我播放一下,5
1点5倍速放苏有朋张娜拉演的喜剧刁蛮公主,8
正月十五和八月十五两天之中有没有元宵节啊,0
明天三点他的火车就差不多到重庆了,2
想知道明天新疆的日落时间,11
续播一世独尊的三十章,8
播一下早上九点有个台播的养生堂,3
伴随儿子一起出席活动的郎妈收到了全场热烈的掌声,0
帮我把电饭煲开启保温模式吧,10
1分钟后我想要了解农历8月初3是哪天,9
立刻播放全世界只想你来爱我张国荣唱的,5
这个辽宁鞍山怎么走啊,2
麻烦你查一下2018年中秋节是星期几,9
可以告诉我下冷冻室的饺子存放了多久了吗,0
听与你同行在保定交通广播,6
请帮我空调温度调成26吧温度太高,10
而且因为这次这么多人都在一起所以也比之前更加好玩哦,0
山东文旅频的直播乐拍电视购物一会儿播放下,6
慢慢适应哦那俩人怎么样,8
播放一个小沈阳最搞笑的小品来听一下,3
生活大调查大概在八点开播第五集么帮我看下,4
刘德华也写得一手好书法还不时即兴挥毫作慈善拍卖,6
帮我找杨硕和潘之琳演的绿水青山带笑颜,0
播放张信哲梦想里的太爱你,5
我要听清漪主播的节目在四川新闻广播,6
儿童节是在星期几,9
2015年的胡歌和靳东主演的电视剧伪装者可以播放一下不,8
二十分钟后关闭铃声多多你别忘了提醒我哈,7
向往的生活真人秀给我搜一下,1
小空调风速百分之20,10
组图梁静茹歌会被彩泡呛到明年一月发新专辑,1
马上给我播放诛仙前传第五章,8
请给我播一下小说在人间的法语版,3
故事内容横跨大半世纪浓情血脉尽显华人本色,8
持续播放华山气温情况,11
一会有空帮我查查今天的日期是多少号,9
骑车怎么去天坛告诉我一下呗,2
把你拉出来晒晒太阳吧我陪你阳光很好生活是要幸福健康,0
随机给我来一首放空里的音乐可以吗,5
作者是耳雅的广播剧播放一个给我,8
给我续播一下张爱玲的半生缘第五章,3
怎么开车去固始县,2
本市是否只有一个本手机号,5
立刻马上告诉我今天是哪个节假日,9
麻烦你告诉我自驾车去青海的路线是怎么走的,2
明天上午是晴天不？,11
我饿了帮我打电话叫外卖,7
打开空调的冷风，调至22度,10
给我儿子讲个英文故事好吗,3
劳动节那天，江苏卫视有什么吸引人的节目吗帮我看下,4
后天邢台会下雨吗,11
5月1日的济南新闻帮我回放下吧,1
立刻告诉我去往黄石的磁悬浮列车是11点的吗,2
斗罗大陆在腾讯视频上一共有多少集,8
播放凤凰传奇版的海底,5
能给我来一个频率是一零四点五的东广新闻台给我听吗,6
放一下杜甫的春望英文版,5
播放封神榜的有声小说,3
我等下想泡个热水澡，把热水器温度调到40度。,10
请关上儿童房的灯,10
放日本文学小说风土记的日文版,3
我要听李荣浩的专辑麻雀里面的歌,5
6月中旬重庆温度查一下,11
我要查周一上午去海口的下铺价格。,2
属于原色专辑的因为单身的缘故唱一下吧,5
兰州本周会出现强沙尘天气吗,11
中兴上海特约维修站在哪里,7
想听傅欣瑶的消失，帮我打开音响吧,5
找2018年王者荣耀职业联赛春季赛的比赛回放,1
设置星期天上午去公园参加活动,7
古典音乐是不是能随机来一首呢,5
李小龙主演的精武门播给我瞧瞧。,8
水浸传感器能不能关上啊,10
帮我看看5月3日去往郑州的高铁票,2
在重重压力下凌潇肃前日通过微博表示电视剧再好顶多就是个戏,5
红楼梦能不能给我继续播放呢,8
请播放恐怖小说诡梦惊心来听,3
推荐一部催泪的美国纪录片来看,1
23号牛乃糖在卡通正式开播了吗帮我看下,1
设置明天早上6点做早饭的闹钟,7
郑少秋跌下四米高的假山带伤复工称以后会小心,0
给我放俄语版的小故事沼泽王的女儿,3
今年年初两人分手消息传出,1
一个单眼皮一个双眼皮,0
我的煲汤食材准备好了，开始帮我煮汤模式吧,10
李亚炜回应车祸与李亚鹏无关家属提出无理要求,6
我想看5月26日毛不易的科颜氏采访视频,1
这屋空调暖风调低成不成,10
我3号9点要去晋城还有火车票吗,7
我想一会看一些学习编程类的学习视频,1
我要去中山阳江公交站牌告诉我怎么走,7
我想听诗词咏鹅,3
驾车往中关村怎么走,2
安七炫内地复出谢婷婷称张柏芝预产期延后图,8
我想观看CCTV7的国防故事节目看一下往期的节目呗,1
查一下新加坡机场9点起飞到北京的机票,2
盖世英雄里面的11首歌可以全部播放一遍吗,5
梨园闯关我挂帅往期视频搜索播放,1
单曲循环蔡琴老师的《伤心小站》,5
告诉我怎么坐车去广州几路车到,2
随便找一个新闻电台听,6
查看一下昨天CCTV11戏曲播放了哪些节目,4
绵阳最近有雨吗,11
见人说人话见鬼说鬼话,11
我要到南江规划一下路线,2
我想看康乐嘉年华，中午11点有播放吗,8
赶快给我查一查今年的端午节是农历几号,9
昌明空气质量如何,11
二零零七年一一月侯高俊杰初遇周杰伦,8
衣服已经放洗衣机了，预约明天九点洗衣机洗衣,10
播放一个八岐大蛇CG视频,1
上海这个星期啥时候能没有雨,9
几月几号是采花节,9
香港的电影叶问3拍摄花絮播放出来,1
给我播放2018年亚运会的视频，我想了解当时的比赛情况,1
什么脸型适合戴平光镜,9
厦门今天的紫外线指数是不是很低。,11
苏小明朋友们好我在这个戏里演他的一个表妹的妈妈,7
帮我关闭浴霸所有功能可不可以呢,10
帮我放一下情感疗愈节目解忧电台,6
电视剧自古英雄出少年拍摄消息一出即在网上引发网友热议,7
我想要的是歌王迈克尔杰克逊的档案麻烦详细点谢谢合作,8
这个周末上午9点左右去采摘园摘草莓的闹钟帮我设置下,7
贾玲今年导演的那个电影看一下吧,8
陕西农林卫视的三农信息联播可以给我回放下吗我想看下,4
循环收听北京故事广播的读书俱乐部,6
下午三点有大话西游吗帮我看下,4
将空调设为上下扫风,10
苏州的昼夜温差多少啊,2
请继续给我播放呼啸山庄的第三章来听,3
星期二大连会有冰雹吗,11
除了李亚鹏决定退居幕后记者获悉王菲也对投拍影视剧产生兴趣,8
给我放一下5月26日的世乓赛的情况呢,1
珠江现在有什么吸引人的电视剧吗我想看下,4
下个月西安的温度是不是会上升？,11
帮我找CCTV1在5月26的新闻联播好吗,1
现在去深圳北站怎么坐公交,2
而面对毛茸茸的孙悟空韩雪如何自然地与其演对手戏呢,7
美国演员安妮海瑟薇的剧给我立刻播放呢,8
回放6点32在CCTV10播出的探索·发现-2021-150,4
既然我设置的铃声自己听不到我想把它删除可以吗谢谢,10
届时她在会上推广环保理念,0
帮我赶快查查星期几是青年节啊,9
我想调低温度空调快,10
我颠覆了整个世界只为摆正你的倒影用因英语怎么翻译,5
唐勇的说法得到了湖南省卫生厅医政处调研员鲁鸿安的认同,5
5分钟后告诉我10月25日是阴历多少,9
我18号和30号安排一个新的日程,7
采花节是周几,9
国庆节是农历8月16吗,9
周五到周日三天韶关有大暴雨吗,11
并把空调温度调低到23,10
看一下CCTV10科教台的百家讲坛,8
你找一个今年中国上线的喜剧片可以吗,8
王祖蓝将刘子千在中歪嘴摆头兼眨眼的夸张表情学到足十分爆笑,5
他还表示自己将出任山东卫视中华达人的评委,5
有没有女驸马我想听戏曲,5
可以让扫地机器人开始工作吧,10
请问QQD电信可不可以用QQ二零零八JAVA正式版登陆QQ,7
可以告诉我下空调现在调的是什么模式吗,10
添仓节是几月几号,9
不管世界如何对高圆圆来说家人安康便是最大的修为,10
来首俄语歌听,5
主持人赵宁说到在这部片子当中也有吻戏的部分尴不尴尬呢,4
3月22日的吉林新闻早报还能看回放吗我想看下,4
空调温度调高一下,10
昨天9点30左右在中央9套播出的跨过鸭绿江帮我放一下,4
最近丽江是晴天吗,11
临床治疗神经衰弱的具体药物名称,11
重新播放前天的十分好球,6
麻烦继续查哪趟去东京的飞机的餐食好,2
查小欣我说的只是事实而已,8
我想看下去年宋祖儿跨年晚会演的那个小品,8
帮我设置18号早上8点参加上海车展的提醒。,7
给我空调调低5度,10
单曲循环播放恋曲1990,5
可以帮我找找今天播放的盛唐幻夜在哪个吗我想看下,4
放一个司马光砸缸的故事给小孩子听,3
雪中悍刀行能给我读来听一下吗,5
我想看科幻剧我就是这般女子,8
能不能说一说农历的几月几号是元宵节啊,9
帮我开一下电烤箱吧，我想烤鸡翅吃,10
中秋节是周几,9
我想听潘长江的春晚小品相女婿,1
有知情人爆料郭德纲的二徒弟曹云金也已萌生了退意,0
今天的农历是几月初几,9
请循环播放张信哲的过火。,5
周日6点早起闹钟提醒,7
我想看最好的图片美女,8
赶紧告诉我一下运城开过来的高铁今天有票吗,2
找到并播放打日本的抗战剧亮剑,8
去听一听上海广播电台的新闻,6
将周三晚上7点去参加歌唱比赛设定好行程。,7
唐嫣的锦绣未央立刻播放一下呢,8
记一下2月24号的提醒改到3月22号提醒,7
你赶紧给我查5月1日是什么节日,9
播放陈情令的有声小说,3
武汉有多少所体育类型的大学,1
怎么到现代城啊,2
来一首古筝版本的十面埋伏可以不,5
拨到琼海人民广播电台我要听享聊生活,6
愚人节是几月几号,9
一九六零年生英国跨界女高音歌手和演员嗓音嘹亮被誉为天籁之声,6
我要听频率是一零零点六的海门广播电台,6
能否在10点新建提醒系统杀毒,7
还是听着赵雷的鼓楼,5
帮我预约电饭煲明早7点的煮饭模式,10
芒种播放给我一直放K歌必点啊,5
收听经济类的山东人民广播电台经济频道,6
麻烦帮我制定个明天早晨5点钟起床赶高铁的闹钟。,7
卡通台现在有什么节目可以打发时间我想看下,4
接着收听王冰月的童年回忆,6
播放豆瓣评分第一的肖申克的救赎？,8
姜广涛配音的广播剧魔道祖师,8
最近一周富士山会有大风出现吗,11
你们小时候最崇拜的男人是谁,8
西游降魔篇13年上线的那个播放给我吧,8
查询双鸭山气温这几天热么,11
有人想听郭冬临的小品面试放一下,5
蓝洁瑛为何发疯近日遭法院颁令强制留院治疗二,8
烟台去济南开车要几个小时？,2
梁朝伟和刘嘉玲李嘉欣和许晋亨倪震和周慧敏徐熙媛和周渝民,0
请给我续播推理小说清明上河图密码的第五章,3
现在块给我播一个法文版的野天鹅来听,5
自动咖啡的模式调到香醇,10
播放连丽如讲的十二女侠,8
给我找出来单田芳讲的三侠五义听听,5
帮我找下百家讲坛这期节目在哪个频道直播呢,4
想继续看一会八月未央电视剧呢,8
你可以播放将军令的纯古筝版吗,5
非诚勿扰照常播出乐嘉微博称为三周前录制,6
将明天的日程给我全部删除,7
帮我播放单田芳的评书,3
我想看看今年万圣节是几月几号,9
来一首今年最火的抖音歌曲给我吧,5
这个星期华盛顿飞纽约的航班最便宜的时段是在什么时候？,2
赶紧查询汕尾去往广州的大客车发车了没,2
麻烦给我播放德云社的群口相声,3
能不能在2个小时后叫我去洗澡,7
播一下章鱼讲故事讲的悬疑小说,3
循环播放园丁和主人这个故事给我听,3
查一查最近从桂林到西安的汽车车次,2
想听刘禹锡的诗秋词,5
我想对孩子们而言让他们的伤痛得到有效宣泄就是最重要的事情了,0
来一首智珉的歌Hey,5
放一下有声的紫襟演播的恐怖小说,3
一场关于爱情的谎言在4月26播放的花絮有么,1
记得帮我建一个4月2号去和朋友一起逛街的提醒,7
帮我打开合肥购物看看合肥购物正在卖些什么东西,7
设定明天晚上10点看直播的闹钟,7
请问圣诞节是什么时候,9
帮我找到坐车到北京的路线,2
明天要去烧烤，看一下天气怎么样,11
喜剧飞驰人生可以播放一下吗,8
我想你给我看看日本电影的溺水小刀呢,8
能帮我看一下下个月3号是什么纪念日吗,9
能不能帮我查看一下端午节是农历几号,9
张国荣的同道中人你能不能播放一下啊,8
武僧传奇之蹴鞠之战多个台正在转播中观看一下,1
周迅陈坤刘嘉玲也表示一定会看大阅兵,8
现在国内外的豪华列车有哪些,2
我要循环播青蛙王子的故事,3
我想知道今年春节是几月几号,9
你是怎么看待这句话的,5
找找去聊城三中的路,2
智能电热毯温度设定在四十到五十度之间,10
去年的几月几号是万元节,9
风波不断的肩上蝶在诞生的过程中究竟发生了什么事,8
2020年吉杰淘宝直播帮我找一下,1
打开FM104.5旅游之声电台，放Family,6
单田芳讲的白眉大侠播放一下,5
告诉我福州今天适合穿什么衣服,11
四十岁到六十岁登上健康快车,10
帮我放频率是九零点九的商业电台第二台,6
搜索并播放科教频道的百家说故事,6
查询下周河北多地会有降雨加雪吗,11
CCTV8电视剧频道5月26都播出过哪些电视剧呢,4
听听中心是做什么用啊,9
回放今天上午10点在CCTV11播出的传奇大掌柜,1
北流现在紫外线指数多少,11
速度规划一条走高速的去沈阳路线,2
怎样挂Q而且不用下载要二十四小时在线的,11
我想听柳永的雨霖铃这首诗,5
二零一二年一月二十六日,0
回放5月21日的西安新闻综合的直播西安,1
太热了，把风扇风大点吧,10
给我找一下5月25号王者荣耀的解说视频,1
仔细的查看一下今天有惠州始发到汕头的大巴吗,2
今天温度很低大家要注意保暖,11
我想把怪咖这个专辑顺序播放下呢,5
然而大家不知道的是这位才女不仅能演能唱更是有着一身好舞艺,0
我想看2019到2020CBA联赛的所有视频,1
我爱健康这个节目还是在七点多开播吗帮我看下,4
韩国综艺节目认识的哥哥帮我找一下,8
30分钟以后关掉显示屏这个备忘录删除,7
福布斯是最新推荐全国十大富豪,8
今天的朝闻天下你有录下来吗,8
帮我找出王一博的电台FM85,6
大平唱的孝敬爹和妈放一下,1
给我放一个李商隐的诗词吧,3
搜索一下CCTV7正在直播的节目,4
可以告诉我荆州开来的大巴是6点的吗,2
把儿童房的灯关掉好吗,10
我是有钱就花没钱就不花,0
找几个张学友唱歌的视频来看,1
能找一下2020年肖战的剧播放吗,8
加拿大2012的人类进化史诗这部纪录片播放,1
来自岁月积蕴的智慧让我们一起聆听,11
查一下这月重庆是否有冰雹,11
北郊站到郑州东站的火车票有没有,2
播一个岳云鹏孙越的精彩相声非一般的爱情来听,3
八月五日有到深圳的汽车票吗,2
就不告诉你呀我就不告诉你就不告诉你,0
FM87.6放音乐呢吗看一看,1
我要循环的听一只很饿很饿的小猪的故事,3
后天上午九点从南京出发地飞机,7
5月22日播放的法治第一线今天有重播吧,4
看一下济南去淄博的大巴是13点30的不,2
你一定要在12月15号之前提醒我还房贷,7
我想到酒泉旅行哪里最好,8
来一个节奏快的美国电影播放一下吧,8
发现山西在今天上午九点四十九分播吗帮我看下,4
2020年美国电影花木兰的预告片给我找一下,1
播报一下明天需要穿个外套吗，会有强降雨不,11
RNG.M比赛的视频帮我找一下,1
海贼王这个礼拜周日更新的那集播放一下,1
我要去北京翻译成英语,7
明天去南京的高铁票还有吗,2
动漫咱们的裸熊帮我找一下吧,1
按照更新顺序播放动画片小羊肖恩,1
我要做蛋糕，帮我把电饭煲调成蒸蛋糕模式吧,10
明天开始春运抢票设置个闹钟,7
5月13号在中央8套播出的朝闻天下帮我播出一下,4
帮我播放正在直播的国际足球赛场-20-21赛季意甲联赛第38轮1,4
十二乘以五再乘以三再除以八等于多少,4
讲一下老头子做事总不会错这个故事给我听,3
单曲循环民谣南山南,5
你是否一个体贴细心的女朋友,0
给我查查青岛去往深圳的动车是16点的吗,2
随便放一首专辑写一首歌里的歌儿,5
给我播放灵异类的有声漫画,1
单曲循环一下莱芙里面的曲子吧,5
江苏城市的家屋室的主人播放了吗帮我看下,4
临近预产期要怎么运动,0
那个综艺叫密室逃脱给我搜一下,7
好忙呀我现在的电话每一秒钟就响等儿媳出院再商量啦,10
4点的时候通知我接孩子,7
她笑称不会那么亲切啦,10
请续播烈日灼心这部小说的第五章,3
问到有没有担心过离开星辉演艺生涯受到影响,8
给我调到九四点八的香港电台第二台,6
把空调的风速调大,10
放一个岳云鹏孙越的相声我们不一样来听一下,3
我哭了谢谢你给了我很多的感悟一颗温暖的卤蛋,5
说一下16点有威海去武汉的火车吗,2
在家吗还好吧弄点好吃的新年快乐,6
新建一个6月10号下午6点的提醒,7
可以不可以把空调调到18度,10
顾名思义可以理解为微细表情说了这是一种下意识的表情,8
动漫斗破苍穹的第4季播放第9集,1
骑车去学校最短的线路怎么走,2
演唱者斯黛芬妮劳伦斯,1
播一下章鱼讲故事讲的的灵异小说,3
给我读一下安徒生的白雪皇后俄语版的,3
把空调调成最低16吧,10
我想看2012年麦当娜在巴黎举行演唱会的那个视频,1
播放一个豆瓣评分最高的日本纪录片来看,1
我想看一个台湾演员林心如的电视剧呢,8
找到CCTV12现在正在直播哪个节目播放,4
蔡徐坤的情人最近很火，请给我播放一首情人。,5
黎耀祥陈豪邓萃雯畲诗曼陈法拉敖嘉年杨怡马浚伟等到场出席,6
看看空调是多少度行嘛,10
放放郭德纲的2021年天津春晚相声富贵人生来听,3
我想知道前天是几月几号,9
我打电话给我老婆打电话,0
查找一下B站婷婷助眠的视频,1
霍尊唱的英文歌曲来一首可以吗,5
收听雅娟的空中笑林电台节目,6
把家里的空调关了有点冷,10
找一下那个恋恋不忘的第25集,8
搞笑有声漫画播一个给我,0
几月几号是端午节,9
悬崖是不是在CCTV8播出已经播放到第几集了,8
马上给放王维的相思,5
我想看一个英国拍的历史剧呢,8
今年的冬至是周几,9
沈腾2018年以前的电影给我播放一个,8
你是不是可以在90分钟后提醒关闭电脑,7
赵本山形容大长脸的脸,2
华为P30的开箱视频找一下,1
给我循环朗读李商隐的夜雨寄北,5
播放钟馗捉妖记有关神话的剧,8
10点的旅游百事通听它,6
搜索一下CCTV1精彩一刻-2020-186新航拍中国湖南洞庭湖,1
几月几号是添仓节,9
明星开动物玩笑被批何超莲被轰冷血千金,1
2018年的七夕节是几月几号,9
空气净化器设置为高速模式好么,10
朴信惠演的韩国电视剧随机播放一个给我看,8
下载一本电子书给我看,8
南都以前拍戏有过这种感觉吗,2
华商晨报上春晚家里人应该很自豪吧,8
今年的护士节是周几,9
八点二十八分的有啥说啥文旅郑州还能重播不帮我看下,4
五十二届格莱美最佳摇滚专辑奖提名名单,5
是不是能继续播放杨幂的扶摇吗,8
请播放伍思凯老师的《特别的爱给特别的你》,5
找一下怎么到高就村,2
我想了解明天邢台的紫外线情况,11
今晚7点10分山东农科将要播放什么节目帮我看下,4
我想看一个去年上线的悬疑剧呢,8
张柏芝胞弟与孙祖杨现身英皇总部东洋味十足,8
请循环收听王浩主持的电影天堂,6
钱钟书有个小说叫围城的放来听,6
长江周边正常的湿气指数是多少,11
有搞笑的宠物视频吗想看下,4
你像小孩的样子好可爱的我喜欢嘿嘿,6
我要看赵丽颖和金瀚演的那个你和我的倾城时光,8
是否能续播一下那个玄幻剧,8
气温下降的厉害，调大电火炉的温度。,11
杨坤履行抗抑郁大使职责北大提供心理咨询图,0
播放蔡依林的日不落,5
我还想看80年代的科幻电影,8
给我吧空调风速降到一格,10
你可以给我定一个明天5:10的闹钟吗,7
给我放一个高桥留美子的日本动漫片剪辑版视频,1
日本电影版火影忍者我想看。,8
请给我播放雪梅这首古诗,5
我想开窗换气,11
看一下能不能订三张明天早上飞南宁的商务舱机票,2
能不能订三张明天早上飞重庆的经济舱,2
汪苏泷专辑克制凶猛顺序播放一下啊,5
夜半更深对朗月几多愁难入眠想找一个聊天谈话的电话,8
2020年最火的古典音乐来一首吧,5
我要听普希金的渔夫和金鱼的故事的英文版的,3
13点有深圳始发去汕头的长途车不,2
我还不知道发往淮安的大巴明天有没有票呢,2
想听听90年代邓丽君的歌曲,5
搜一下美国DC系列的神奇女侠,8
收听北京交通广播的行走天下,6
查一下回妈妈家的步行路线,2
我想看电视剧频道播出的我的仨妈俩爸查看一下往期视频,1
想看特别关注，麻烦给我打开新闻吧,8
循环播放郭德纲的相声笑到不行给我听,3
再找下到电子商贸学校的路,2
帮我转到贵州卫视看看有什么节目吧,4
我想听故事萤火虫对星星说循环播放,5
哪些小窍门使身上的蚊虫疤痕轻松去除,5
后天是农历几月几日,9
今年的新年除夕是星期几,9
农历的什么时候是立秋,9
我妈比较喜欢看冯巩的小品，随机播放一个出来吧,8
我想听英文版的最后的珠子这个故事,3
帮我设定一个今天上午9点30分陪妈妈看戏的闹钟。,7
合肥市现在已经开始下雪了但我这还没下,0
几月几号是成人节,9
一泰坦尼克号一八四二八七九九五五,0
浴霸切换到暖风模式可以吗,10
过两天太原的空气质量是多少呢,11
快给放威廉豪夫的故事商队来听,3
小年是什么时候,9
现在给我设一个明天14:30的闹铃,7
准备将食物放着等会再吃，帮我切换到蒸烤箱的保温功能行么,10
我想知道世界战史这个节目是在哪个频道播出的,4
给我找出来刘兰芳讲的岳飞传听听,8
咸猪手事件升级官恩娜及无线台再曝新丑闻图,1
给我回放2018年在俄罗斯举行的世界杯,1
随机放一个古装电视剧里的歌曲吧,5
说我没有接到他的电话,2
一二月三日晚上起高璇就发表了十几条关于编剧署名维权的微博,2
北京卫视5月23的午间节目有哪些,4
能不能看看安庆开过来的客车是几点呢,2
16点的正点财经正在直播中点击播放,1
麻烦帮我找下中国戏剧广播里的秦腔节目按节目列表顺序播放,6
韩寒的经营之道就是正版签名,5
随便收听一个经济类新闻的电台吧,6
律师认为检方涉嫌程序违法,0
现在续播黑山老妖小说的第十二章,3
张元这既是一种现实也是不现实,9
林俊杰的专辑对的时间点播放,5
王者荣耀的打野专场有吗，我想看,1
我要听白杰的先听为快帮我调下,6
我现在要听北京文艺广播的空中笑林,6
去年上的那个美国电视剧现在播一下,8
不知道今晚的中央四有什么节目看，帮我看下,4
能不能帮我建一个今天下午5点去买旗袍的提醒,7
空调暖风再往低调一下,10
厦门空气质量怎么样,11
请回答我重庆飞上海的飞机起飞了吗,2
我想把你的名字改成贝贝,10
江苏卫视的时代问答帮我重新播放一次,8
16点你记得通知我洗头,7
我想看CCTV1星光大道的往期节目,1
我需要制定一个周五上午9点半面试的闹钟。,7
放一下高尔基的小说童年,3
打电话二零五八五零零,8
告我一下大连未来三天有没有大风,11
再放一首鞠婧祎的过去完成时,6
今天中午更新的心动的信号找一下来看这综艺还挺好看的,1
十点半的环球综艺有什么综艺看,4
打算怎么过这个年啊小李他们好像不回去,0
查询播放新疆一周的室外气温,11
我想十分钟之后听首张小斐的萱草花,5
今天上午10点我要去超市，帮我设置一下,7
你平时都有什么爱好啊,8
今天的中国城市报道是不是五点帮我看下,4
随便播放一首英文歌,5
李冰冰和吴尊演的谜巢看一下,8
播放美国NBA球赛,1
帮我把洗衣机设置为智能洗模式好吧,10
李淼工作连轴转多栖才艺露锋芒图,11
银行休假日是哪天,9
随便播放一个法语歌,8
我想知道三亚八月紫外线指数是不是很高。,11
昨天的电影台播的逗吧逗把街我没看到想再播放一下,1
10点的闹钟延迟10分钟后再响,7
大秀肌肉的同时也展示了他性格中男性粗犷的一面,7
晒懂事钟镇涛五岁女儿催婚,9
挨着个儿播放华语专辑死不回头里的歌曲,5
6月23日是星期几？,9
苏瑞每次出街必引起轰动照片总是被粉丝们争先恐后地转载,7
一站到底还在江苏卫视播吗帮我看下,4
快查询青岛飞深圳的飞机起飞了吗,2
她到底是一个怎样的女人晨报记者就此为你揭开谜底,8
调到荆州音乐广播，频率十一点零三,6
我是说附近最近的夜店,2
我不为我个人为了行业的尊严我决定放弃这个奖项,0
请播放鲁宾逊漂流记的俄语版小说,3
能给我来一个频率是九七点二的天津人民广播电台新闻台吗,6
每天她都会和准新郎通电话聊天但新郎从不为关于婚礼的问题烦她,5
明天台湾有雨吗,11
播放一下宗涛在福建新闻广播的节目,6
端午节是几月几号呀,9
客厅的空调温度改到最高,10
9月1号是农历几月几号,9
可以帮我把台灯打开吗,10
谢天华贴心地帮太太拎包充当护花使者,1
我需要听白敬亭的不加糖,5
请你给我设置一个大后天早上10点15分去纹眉的闹钟。,7
上期第二战场-2019-15在国防军事查看一下,1
我们会在明天九点到车站集合准备出发今晚把东西整理一下好好休息,4
我今天看的那个毒液继续播放一下可以吗,8
有网友评价郭师傅真做大师傅了,0
帮助我看看去往北海的客车哪天有票呢,2
我想看会电视，可以帮我打开不呢,10
能帮我调小些健身房的空调风速吗,10
快给我一条坐公交去医院的路线,2
航空煤油出厂价同时下调,5
其实另类是别人说的我觉得我现在特别正常,5
给我把温度调高,10
4月22号的王者荣耀竞技赛视频给我回放一下,1
从上海出发去苏州高铁多久？,2
警方现正调查初步判定为自杀,9
请帮我设好一个后天上午8点去拍全家福的提醒。,7
烦请帮忙把4月24号的提醒改到5月24号提醒,7
能给我单曲循环一首民谣吗,5
通灵妃的有声漫画帮我播一下,1
黄冈10号到益阳的汽车票查查,2
能否帮我打开取暖器呀,10
最近一周南京的空气质量怎么样,11
帮我报一下中国的阴历4月20是哪一天呢,9
热血的有声漫画播一个给我,0
80年代香港的犯罪电影找一个看一看,8
CCTV3播出的文化十分往期视频回放一下,4
江苏等地为晴天吗,4
一个人在外面注意安全,0
香港的电视剧逆天奇案拍摄花絮播放出来,1
全集家庭剧小舍得播放可以吗,8
放冯巩的春晚小品还钱我想听,5
帮我播放一下上海新闻广播十万个为什么,6
礼拜几是6月的12日,9
查询一下卧室温度,11
能不能查下日历前天的农历是多少呀,9
南方周末到现在你最多被问到的应该是太阳照常升起吧,8
想我了没问号宝贝句号,10
我需要收听富渍主持的回忆杀,6
今天播放量最高的治愈系歌曲来一首吧,5
播放恰好是少年王俊凯参加的,3
河北到江西有多远啊看下路线,2
帮我设置凌晨1点给孩子喂奶的闹钟,7
我想知道大前天是什么节日啊,9
对你感觉挺好的期待与你相识,8
后来数据监测显示收视率甚至超过黄金时间节目,6
有点儿想看旭旭宝宝的买东西的直播给我找一下那个台,6
那个情景喜剧继续给我看一会吧,8
我想知道郴州到衡阳的导航路线有几种方式。,2
是不是可以给我播放一下2020年的由晓光主持的音乐之声吗,6
我要听斯蒂芬金的恐怖小说黑暗的另一半,6
让他一夜之间从武汉变成金马奖最佳新人,2
作者是priest的广播剧播放一个给我,3
是不是能来一首90年代的舞曲啊,5
回看国防军事国防微视频-军歌嘹亮-青春迷彩谣,1
夜神月的教程视频给我找一个,1
所以嘱咐一下同行们同时也嘱咐一下我自己酒就不要再多喝了,0
播放一个朴宝英主演的电视剧的拍摄花絮,1
点一首90年代人都爱听的民谣,5
我要听百年孤独的英文版小说,3
搜索一下4月11日是阴历多少啊,9
今年的小暑是农历的哪天,9
麻烦请帮我设置一个周末早上9点去发传单的闹钟。,7
我很确定我就只能听中央人民广播电台的音乐之声,6
帮我查一下今年的春节是几月几日,9
5月5号不要忘了提醒我去104要账,7
我希望世界末日是真的,9
查询然后给我订几张去齐齐哈尔的机票,2
一三四九字文案感动张国立,9
推送下今天河南卫视的电视剧,8
古典音乐列表随机播放吧,5
找出泰国言情剧麻雀变凤凰播放,8
我想要知晓2021年的国庆节是星期四不是,8
给我播放法国长篇小说悲惨世界的日文版,8
我要看鬼畜剧场里的全明星手术室,1
频率是八八点三的高明电台继续给我收听可以吗,6
我们之间不能以虚相对那样她就会被曝光,0
广播剧AWM第一季第三集帮我播一下,8
继续上窥探这个剧,8
请循环给播一下忠实的朋友这个故事,3
我侄女想看公共台昨天播放过的战魂,8
七星彩这周奖金多少钱,0
唐嫣做客的电台节目立刻播放一下呢,8
找一个治愈歌单顺序播放一下呢,5
立刻找出来iPad Pro的测评视频,1
明天平潭空气质量怎么样,11
正在直播的世界斯诺克锦标赛快帮我调到,6
国产动漫斗罗大陆帮我找出来,1
查询明早乌镇会降水吗,11
听音乐台的话帮我找河南音乐广播,6
好久不看成龙主演的作品了，就看神话吧,8
你都有一些什么功能啊,10
帮我打开收音机，我想听下新闻,10
空调调高到28,10
给我循环播放一下杜甫的绝句,5
我现在就想把冰箱设置到零下五度,10
我要听王一博的年少心事,6
网友评点徐克的影视套拍好不热闹但从播出情况看似乎反响都平平,1
明天上午的闹钟建立一下,7
帮我回放国防军事频道兵器面面观-2021-90节目,4
等会听春晚小品循环播放一下2020年闫妮的快乐其实很简单,5
打开上午十点的好享购物,6
大理室内空气质量是良好吗,11
建筑学概论已于一零月二五日开拍拍摄地选为首尔与济州岛,8
搞笑类的有声漫画给我播一个,0
继续播放快乐星球的第10集之后的剧集,8
国内哪些大学有韩语专业,5
2月14号情人节是农历的哪天,9
现在请给我循环播放十二生肖的故事英文版,3
有声的紫襟说的悬疑的小说帮我播一下,6
能不能快点儿给我调高空调湿度,10
麻烦随便给我放一个鬼畜视频在哔哩哔哩上找,1
去往拉萨的普快今天有票没有啊,2
播放老友记的有声小说,3
2020年马丽出演的电影找一个播放呢,8
主演赵薇听歌周迅听歌孙俪听歌陈坤听歌甄子丹等人纷纷现身,8
帮我让空调切换到循环送风模式吧,10
可惜这辉煌的时代早已成为昨天,8
今天夜间有几级风啊,11
提醒我18号晚上7点去看话剧,7
云南少儿是不是正在播着宝贝爱动画帮我看下,4
随机来一首张杰的歌曲吧,5
查看昨天9点广西卫视播放的是什么节目,4
能来一个香港电影追龙吧,8
都末日了还上什么班儿,0
我想知道昨天应该是什么节日,9
我想再看一遍零点播放的嗨我的新家,1
给我找一下今年最火的轻音乐,5
但是二五日郑裕玲却突然出现在明报周刊的封面上宣布和吕方分手,0
你是在怪我知道我不好,0
我要查今天到上海的飞机票,2
查询夜间气温会大幅度降低吗,11
太冷了把空调关了吧,10
麻烦播放下心理FM,8
东湖新闻都是每天十二点三十五分开播吗帮我打开看下,4
下载贵金属属行情软件,1
城北片区什么地点可以办理电信固定安装业务,8
湖南卫视的拥抱幸福播完了吗帮我看下,4
北京飞新加坡的飞机究竟是不是是11点的啊,2
黄金屋商业服务有限公司,7
圣母哀悼曲凌轩企业社,3
因为有你我的世界才会如此完美,8
能不能帮我记一下明天下午给绝绝子打视频电话,7
帮我打开生活，我想看下今天下午播放些什么,1
能给我来一个13年周星驰执导的电影给我看吗,8
零点已经播出的顶级赛事-围棋回看一下,1
再过十分钟FM96.6的经济之声就能听了,6
2019年8月23期的中国新说唱节目花絮帮我找一下吧,1
稻香是周杰伦因汶川地震创作的吗,5
我想看日本电视剧咖啡遇上香草的幕后故事帮我播放一下,1
明天的合肥天气预报等会就放了帮我调好台,6
开心消消乐通关的视频播一下,1
周末要去石家庄，那边天气怎么样,11
请用英语读下王维的西施咏,5
查询目前在周口地区办理新势力十六元短信套餐可享受到哪些优惠,7
告诉我自驾车去丽江车少的路线,2
在我到家之前将空调打开。,10
播一下广播剧默读第一季,8
农业银行企业贷款利率是多少,11
山东生活十点钟有什么节目可以看帮我看下,4
我想要看93年的动画片十二生肖,8
快放一个安徒生的童话故事给我听,5
我不要无聊骚扰否则将起诉被我不要任何无偿服务,5
美国拍的科幻大片播放给我可以吗，漫威系列的,8
下次还不知道什么时候,9
给我收听一个频率是九二点零的天津人民广播电台滨海台,6
我必须知道后天是个什么节,9
查询一下农历5月初3是哪天呢,9
放一下潘长江的小品回家过年大家吃饭时候可以听,3
我想让你把频道调到河南广播电视台的新闻频道,6
帮我查一下后天到武汉的机票,2
前两天泰州那边真的下冰雹了么,11
昨天一五点五五分阮经天落户新浪微博发布了第一条微博,8
我要到谷滩新区翠林路26号看下怎么走,2
帮我把中央空调切换到静眠模式好吗,10
我要看17点的英雄联盟春季赛,1
你写错我叫野王鹤一九六九年九月二十五号,7
伊能静蒲巴甲主演的电影明天是否来临日前在京举办开机发布会,8
昨日凌晨一时五零分华西都市报记者已进入梦乡,4
给我听魔道祖师主题曲何以歌,5
想看哈尔的移动城堡这部日本电影。,8
继续播放我的漂亮朋友第5集之后的剧集,8
当她听到是主持舞林大道很快就答应了,6
职场的广播剧随便播放一个,3
现在赶紧告诉我星期二是农历几月几号呀,9
我要再看一遍刘昊然演的唐人街探案三。,8
晨报讯记者徐迅谁是眼下最受欢迎的明星,8
明天终于可以休息一天了,7
请帮我创建一个周五晚上8点左右看王牌对王牌的闹钟。,7
星光下的奇迹用故事巧妙联结歌曲在不同曲目中穿插文艺化的独白,0
学习化妆视频给我找一下,1
在回复本报记者的短信里还幽默地叮嘱冷静还是关注电影吧,8
想看生命线了查看一下在哪个频道播出,8
徐子淇追仔成功继续生公公亲证是男胎图,1
我要看江苏卫视的龙鼎风云帮我回放往期视频,1
你能给我播放一个去年播出的电视剧铁之骨吗,8
是的这就是陈宝国一个看,8
查看查看天津去往郑州的客车哪天有票呢,2
刘兰芳讲的赵匡胤演义播放一下,5
请只将明天下午3点的那个提醒删除,7
单曲循环英文歌曲Baby。,5
什么时候是陇端节,9
后天下午两点半去医院拿体检报告的提醒制定一下。,7
湖南卫视的今天的鲜厨100第二季播放一下,1
见此短信速上QQ我把答案传给你你看完速删,7
帮我把取暖器温度再调低点吧,10
我想看一个家庭剧生活万岁,8
世界无烟日在农历几月几日,9
我想听薛之谦的丑八怪。,5
找几个美国动漫视频小短片来看看,1
能给我播放一下三生三世枕上书的第四集吗,8
找一下迪丽热巴的三生三世枕上书播放吧,8
能不能调到音乐类的东莞音乐广播电台,6
请马上帮我播放聊斋,8
播放古诗夜宿山寺给大家听,5
调频到邓昆的美妆分享,6
记一下5月12号去烫头发,7
可以让冰箱冷藏室温度调到5度吗,10
拍戏主持唱歌全面开花样样精彩,6
另外就是运动游泳滑雪,5
江西湿度怎么样,11
马上给我新建一个备忘录4月29号去植树,7
今年的古尔邦节是农历的什么时候举行,9
石家庄从建华商厦到红旗大街和槐安路交叉口乘公交,2
闹钟定到明天下午3点,7
最近一周山西会有大风出现吗,11
昨日第一七届美在花城新星大赛在广州拉开帷幕,0
播一下屈原的离骚把,3
CCTV7国防军事频道5月20查询一下有哪些节目,4
你怎么知道你怎么知道,0
给小孩子讲个故事谁跑得最快,1
放一下本特利.利特的惊悚小说古希腊的魔咒德语版的,3
明天沧州会下冰雹吗,11
法国巴黎现在几度,11
请你帮我把空调调高个四五度,10
播放量最多的悬疑小说可以帮我找一下吗,8
打发打发时间帮我播放逆流而上的你吧都市剧,8
5月14日的凌晨剧场打开一下,1
美食每刻下午的节目播放一下,6
替我设置工作日学法语的闹铃,7
亲爱的啊以后去你家做客吃饭完要不要洗碗啊,2
周日有风吗几级风温度多少啊,11
日本动漫初恋怪兽给我找一下,1
林心如演的那个电视剧继续播放一下,8
我想看体育赛事重播,8
我记错了最后几个字是结了婚,0
张国柱张震交女友我来打分,2
播FM999犀牛电台的潮音乐,6
社费等可以在群空间查看,10
下个月五号是周几啊,9
80年代射雕英雄传专辑里的歌粤语全部顺序播放,5
告诉我七月十号曼彻斯特什么天气,11
设定闹钟半夜12点苹果发布会,7
回放一下5月26上午播出的远方的家2021-53,4
请给我播放古诗送人,8
萨噶达瓦节是农历的哪天,9
找个在放法语歌儿的音乐电台听,6
听了让人想哭的歌曲来一个吧,5
查询广州的湿度,11
今天是大雨还是中雨,9
几月几号是小寒,9
记者婚后是否多了责任,8
马上我就要你帮我规划一条不走高速的去哈尔滨路线,2
电饭煲调成糙米饭模式可以不可以呢,10
2021年5月23号帮我建立提醒复习考试内容,7
找一个范冰冰在90年代之后的电视剧播放,8
今天的新闻联播播了吗帮我看下,4
给我放一个张子亚的每日热评,6
成龙同名专辑内的真的，用了心播放一下吧,5
下周五建立备忘录参加家长会,7
新浪娱乐讯今春的高圆圆可谓是商业走秀场的宠儿,8
能帮我找到贵阳的路吧,2
你一般什么时候有空呢,0
广播剧魔道祖师的花絮帮我播放,1
陈奕迅的歌曲中有没有英文歌呢,5
欢乐喜剧人是在吉林综艺播放吗我想看下,4
我想看一个中国今年的电视剧啊,8
纯古筝弹奏版本的南山南可以听听吗,5
放一个王维的山中送别,5
今天北京的降水量能不能测出来,11
能不能来一个频率是一零三点九的北京人民广播电台交通台,6
帮我看看农历正月12是3月3日还是3月4日啊,9
他说明后十二十三号两天的温度天气状况挺好的,11
放一个童话故事蜗牛和玫瑰树法语版的,5
沈阳始发的磁悬浮列车哪天有票,2
能看韩星朴信惠的电视剧吗,8
我有一个老婆我还想再找一个小三怎么办,0
熟悉的过程熟悉的描述与熟悉的一切,5
请给我放一下郭麒麟岳云鹏的相声三大才子来听,3
剧种也融到现代社会的人事物中去发展他不接受你愣给这不强迫吗,0
上海交通广播的大家帮给我放一下,6
来一首西班牙情歌给我吧,5
一九岁的孩子朝气蓬勃的年纪发生这样的事令人难以置信,8
我想看看3月26日是农历几月几日,9
美丽新风尚今晚21点44分还是在安徽经济生活播出吗帮我看下,4
舌尖上的中国二电视上又在播了我想看下,4
是否可以播放一下杨紫的现代剧给我看啊,8
让电视机关机,10
欢快的歌曲播放一个吧,5
放一首李白的送友人英文版听,5
能不能播放一下西游记的第二集,5
我需要你立刻播放2021年乘风破浪的姐姐里面出现的歌,5
香港版的电视剧花木兰的拍摄花絮播放出来,1
我想听岳云鹏和孙悦的对口相声,5
能不能设两个闹钟，一个是早上八点半，一个是晚上八点半,9
曾承认老婆怀孕李亚鹏现封口,0
给我放李绅的悯农,5
多喝水水对保持柔美的肌肤尤为重要,7
好像有哪个台演电影呢陆小凤传奇快观看一下,8
告诉我如何开车去北京太庙啊,2
新浪娱乐讯一零日早晨涉毒被捕的酒井法子被送交东京地方检察厅,5
在中国一线女明星中这个最具性价比的桂冠又花落谁家呢,5
给你打电话怎么不接啊,0
我说给调到FM105点2我要听路文文的节目,6
专辑鸽子里的歌曲随机播放一个吧,5
播放破云广播剧的花絮,1
随便播一个都市的有声小说,3
有点冷，空调的度数可以再调高三度吗,10
空调风速放小多放点儿,10
国防军事频道有节目叫国防微视频-军歌嘹亮-青春迷彩谣看下,4
查下今天夜间鸡西的平均气温,11
南阳了哎他那都快儿闷死了,11
回放5月22日的陕西新闻联播,6
2020年播出的宋茜和宋威龙主演的电视剧下一站是幸福播放一下可以吗,8
毛不易唱的电视剧金曲随机来一首,5
我想看下陕西二套今早的都市快报早间版,8
收听音乐类的江苏人民广播电台音乐台,6
凌晨3点喊我打王者的那个备忘录请记得帮我删除,7
查看电影频道播的快递丘比特,8
你能给我瞅瞅星期几是教师节,9
立刻找出来iPad Air的测评视频,1
今年的七夕是几月几号,9
广东的空气质量好吗,11
我们有枪战有近身肉搏还有大量的追逐和跟踪戏,8
古代神话剧就给我播放喜气洋洋猪八戒,8
我想重新看一下综合台播出的变形记,6
快点找出来电视剧三国演义的花絮视频,1
香港飞往长沙的飞机有没有下午两点的,7
怦然心动的有声漫画帮我播一下,1
帮我找一张明天武汉飞石家庄最早的机票,2
记得将4月10号修改成4月9号提醒,7
体坛快讯的往期节目回看一下,6
广东韶关那里这次会不会有台风登陆啊,11
吸血鬼侦探这个韩国电视剧的花絮给我播放一下,1
帮我调到国宝发现之旅节目昨晚没来及看,6
异形大战铁血蛋战士二,0
给我播放邓紫棋的摩天动物园,8
今天下午要穿棉袄吗,11
明天就到乌鲁木齐了啊,2
湖南明天有没有可能下雨,11
有声小说三体播放一下,1
给我找FM90点0就是中央人民广播电台,6
有声小说罪无可赦播放一下,1
南京信息工程大学滨江学院物理考生的分数线,11
昨日娱乐圈劳模范冰冰来到郑州为某品牌羽绒服做代言,0
我小学时挺假小子的整天野在外面晒得很黑,11
去年有没有好听的悲伤歌曲播放一下吧,5
找一个BBC自制的最好看的纪录片来看吧,1
相恋五年胡须男苦追燕姿,0
给我放望天门山这首诗来听吧,3
希望你过的比我幸福能怎么样,8
抖音上火的好听歌曲随机来一个吧,5
创建30号上午10点带孩子去书法课的提醒。,7
马上帮我回放浙江电视台的今日聚焦,1
我想看2020年上线的美国大片,8
记得提醒我每周一到周六晚上6点在群里打卡,7
圣诞除夕分别是几月几号,9
能告诉我农历5月初3是哪天吗,9
想看百姓财经，帮我打开公共吧,10
给我查询一下12点30分有惠州始发去汕头的汽车不,2
无线四五周年台庆亮灯仪式邵逸夫亮相高层玩团结,7
能否查下日历大后天是农历几月初几呢,9
中国新闻在哪个电视频道播出查询一下,4
广播剧默读的花絮帮我播一下,1
我想看克里斯汀斯图尔特拍摄暮光之城时的现场搞笑花絮,1
播聪明的小裁缝这个故事给小孩听,3
FM106点2的电台节目帮我播放一下,6
放一个童话故事小红帽来听一下,5
明天要去安徽出差，那边天气怎么样,11
查询苏杭气温,11
给我新建一个9月19号10点的闹钟,7
等会回家路上想听麻烦给我播放德云社的群口相声,3
看到谢霆锋夫妇很感动,8
三星平板六二幺零能进行系统升级吗,8
查找电影指环王系列的剪辑片段吧,1
帮我打开洗衣机吧，将洗衣机里的衣服洗了,10
很知足喜欢给儿子换尿不湿,8
我不想听歌了，帮我关闭音响。,10
明天天气晴朗吗，能带孩子去植物园吗？,11
频率是九六点六的第二套节目经济频道给我收听一下可以吗,6
查一下今天南京的紫外线指数,11
顺序播放一下莱芙里面的歌曲呢,5
请问今天万宁污染严重吗,11
千金归来这个电视全集都给我播放一下吧，就是李易峰演的那个,8
周五下午六点十五分会下雨吗？,11
农历的什么时候是驴节,9
帮我开启明天上午8点去栽树的闹钟。,7
帮我找出5月27日18点播出的动漫,1
6号的那个备忘录你帮我改成9号,7
我们都想听一下许嵩的医生这首歌呢,5
迪丽热巴的一千零一夜能不能播放呢,8
我等下要出门，关了空气净化器吧。,10
七律人民解放军占领南京的诗句,1
看一下鹿晗演的甜蜜暴击,8
我需要听一个频率是九三点四的山东人民广播电台综合频道,6
不要试图跟一个煞笔争论,6
东周刊前总编因刘嘉玲裸照案入狱五个月,11
瑞奇马汀不请保姆自己照顾宝宝,0
大生活家每天都会在七点四十分播放吗我想看下,4
就是说上次让你带东西来着,0
接着上次继续播放斯蒂芬金的宠物公墓第四章,8
麻烦播放一下专辑爱你3000，按顺序播放,5
在北京当个三线歌手肯定比我现在赚的多十倍,0
搜索播放济南明天是否有雨,11
昨天西南地区刮风了吗,11
韶关周三会下暴雨吗,11
请给我放一下路遥的人生来听,5
放一下自私的巨人这个故事给我听吧,3
回放2008年的北京奥运会,8
请告诉我知道国庆节是哪个月多少号,9
即被在后面的小春打了他的头一下,1
快点查一下星期一是多少号呢,9
回应只提供建议不帮助决定,11
廖碧儿迷上咏春率香港咏春联会弟子拜祭宗师,8
能否查询礼拜二是农历几号呀,9
放个小说美丽与悲哀来给我听吧,3
用电磁炉1900W的火力煮鸡肉,11
是否可以收听经济类的珠江经济电台呢,6
帮我打开南昌精品房产吧，想了解今天的房产信息,1
不过至记者截稿时并没有得到孙骁骁和苏醒的回应,8
能否将5月10号的提醒改到6月12号提醒,7
说说什么节日是5月12日啊,9
请调到北京人民广播电台的新闻台,6
2021年在中国播出的十二谭讲解视频帮我播放吧,1
播一个晚上00点更新的国产动漫,1
今年的中秋节是哪天,9
农历的吃立节是哪天,9
《让我一次爱个够》播放一下，庾澄庆的,5
从正定到定兴怎么走啊,2
给我看一个三年前的抗战时期剧吧,8
帮我设置周五下午6点去减肥的提醒。,7
是不是能把2018年的电影悲伤逆流成河播放一下呢,8
我没有身份证那么怎么知道我是男是女,9
听海峡之声闽南话广播的闽南文艺,6
帮我把洗衣机设置为混合洗试试吧,10
想了解一下昨天的今日关注，给我回放一下吧,1
我八号去西安应该穿什么样的衣服,11
频率是九九点九的英德人民广播电台听听啊,6
我们一起听一听我们的时光这首民谣吧,5
想看首都经济报道，帮我打开北京经济吧,8
麻烦帮我看看5号北京是不是有大暴雨,11
放古诗春日英文版,5
有钱的花花公子不必碰不可碰碰而不得,8
续播推理小说无罪之证的第三章,8
播放一个李世英主演的电视剧的介绍视频,1
秦始皇哪年统一六国的,0
香港的电视剧流金岁月第十集花絮播放出来,1
幸好杜家毅八年前是以制片人的身份第一次见到陈国富,5
稍后单曲循环播放中文版的see you again,5
零点37的天气预报再帮我播放一遍,1
恋爱的广播剧随便播放一个,3
麻烦把空气加湿器打开。,10
怎么走自驾车去云南丽江最省告诉费呢,2
放一下频率是九九点四的镇江经济广播电台,6
江苏影视的剧说那些事播过了吗帮我看下,8
90年代的有关土改时候的剧播放一个可以吗,8
据网友说尺度开放程度比兽兽视频有过之而无不及,1
第五人格游戏的视频播一下,1
频率是九九点八的湖北人民广播电台经济台可以播放一下吗,6
听沈阳生活广播的我家在装修在生活台呢,6
怎么开车去莲塘路377号,2
告诉我下室内PM2.5是多少,10
能不能只删除下午1点到7点的闹铃,7
查查5号到兰州西站的火车票,2
我想要从黄石去石家庄火车票下铺,2
你能给我来一首播放量最高的纯音乐吗,5
可以把灯亮度调节成百分之五十吗,10
给我随机找一个新闻电台啊,6
查询什么节日是9月10日啊,9
查询荷兰会下雨吗,11
明天晚上7点去烧香的闹铃帮我开启一下吧。,7
请在今天4点的时候通知我去上计算编程课,7
麻烦给我播放刘琮和杨天翔合作的广播剧,8
来一个推理剧的风暴舞吧,8
麻烦关一下吸尘器。,8
那你发张照片过来看看,0
例句公园怎么走过去啊,2
扫地机器人去充电可以嘛,10
快速打开江苏公共新闻电视台的奇趣大自然。,4
是否可以播放一下吴磊出演的斗破苍穹呢,8
下一个播放文艺之声频道的流行音乐,6
这里怎么到南开火车站,2
我们家乡夏天的平均室外温度为摄氏25度,11
查一下明天大理的穿衣指数,11
动漫夏目友人帐第五季帮我找一下吧,1
贵州卫视的贵州新闻联播播放一下,6
韩国艺人李敏镐的电视剧给我播放一个可以吗,8
看下CCTV4演的走近科学家,8
我要听王尔德的故事快乐王子,6
麻烦我要听浙江人民广播电台的新闻快报,6
后天上午十一点钟提醒我去接朋友出院 ,7
今天空气质量怎么样适合骑行吗,11
另外对于收入分配的规定也非常不公平因此才提出解约,8
人口-2021-21在CCTV1，这期节目能在电视上找一下吗,8
说说星期一是几号来着啊,9
把暖风温度上升一些,10
如何骑车去海边没有上坡路呢,0
今天早上的父母爱情还有播吗帮我看下,4
我真的很想看今年的和平精英解密系列的完整版视频给我打开下可以吗,1
顺序播放金志文专辑远走高飞里的歌,5
重阳节是几月几号？,9
我要你唱一个2011年的西班牙语言歌曲给我呢,5
定一个今天下午2点去游乐园的闹钟。,7
7月5日去赣州最快的汽车是哪一趟。,2
预约下明天早上八点开启电饭煲然后调到快煮饭模式,10
爱丁堡苏格兰国立美术馆在哪一年正式对外,5
下个月会下雨吗,11
沧州穿衣指数准确吗,11
给我找一个C罗的经典足球比赛来看,1
加湿器设置为恒湿调节模式吧,10
你给我播放一下家庭剧小舍得呢,8
我想看香港的科幻喜剧呢,8
请继续播放五十年代的战争电影吧,8
有土耳其进行曲吗放一下听听古典,6
西安的空气质量是较好吗,11
南宁今天凉爽吗需要穿褂子吗,11
到机场帮我找一下最短路线,2
查询未来一周香港天气状况,11
昨天法国报告“罕见” 变异新冠病毒的新闻视频再给我放下吧,1
请播放东野圭吾的推理小说嫌疑人X的献身,8
有声的紫襟讲的都市的小说帮我播一下,6
能不能在日历里查查五月一日和五月四日哪个是青年节,9
能继续收听交通类的羊城交通广播电台吗,6
我要看下越战越勇节目，帮我回放下,1
有听后让人热血沸腾的歌曲吗,5
请帮我查一下舌尖上的中国纪录片,1
你好俄罗斯是不是在黑龙江卫视播放帮我看下,4
学猫叫这首歌一直循环一下吧,5
都市路剧场十一点播放完毕后紧接着播放什么节目帮我看下,4
B站上的非正式会谈第六季的相关视频快点给我播放,1
你可以只打开9号凌晨的闹钟,7
有声小说盗墓笔记给我播一下,4
给我播放今天更新的那集螺丝钉我要看,1
八月一日晚谢贤四哥致电给我他说我明天可以在你节目讲些话吗,0
燕云台第二十集播放一下吧,8
我要听用法语讲的狮子烫头发的故事,3
日本的恐怖片播放一个吧像贞子那样的,8
苏珊大妈取消澳洲演唱会自称太忙需要时间休息,7
马上播一下杜甫的佳人,8
末代皇帝传奇今晚21点将在安徽农业科教播出吗帮我看下,4
来播一个郑渊洁的小故事给我听,3
帮我继续播放一下遇龙的第三集吧,8
请不要让我背负莫须有的罪名我无法承受,8
僵尸之地编剧将负责剧本,8
洗衣机漂洗使得水位设定为三升,10
继续拨拨到宁夏音乐广播听那儿的本土音乐潮,6
刚刚我想知道南京始发经停的飞机哪天才有票呢,2
听听丽红主持的都市之声,6
搜索让人看了非常气愤的说不出话的短信,8
播放寻宝游戏里面的歌曲重复重复呢,5
给小孩子放一个葫芦兄弟的故事吧,3
晚上不想睡早上不想起,7
6月20号在星期天吗,11
是否能找一首2019年的抖音歌曲播放下呢,5
下午三点有哪个台放大话西游吗帮我看下,4
随机播放一首古筝弹奏的曲子可以吗,5
美食纪录片螃蟹的征途给我找一下,1
打开播放广州降水的报告,8
