ID,Target
1,FilmTele-Play
2,Weather-Query
3,Audio-Play
4,Alarm-Update
5,HomeAppliance-Control
6,FilmTele-Play
7,FilmTele-Play
8,Music-Play
9,Calendar-Query
10,Video-Play
11,Alarm-Update
12,Music-Play
13,Travel-Query
14,TVProgram-Play
15,Radio-Listen
16,Alarm-Update
17,Video-Play
18,Weather-Query
19,Other
20,Other
21,Video-Play
22,FilmTele-Play
23,Weather-Query
24,Alarm-Update
25,Audio-Play
26,Other
27,TVProgram-Play
28,Video-Play
29,Music-Play
30,Alarm-Update
31,Travel-Query
32,Music-Play
33,Radio-Listen
34,Video-Play
35,Radio-Listen
36,Video-Play
37,Video-Play
38,Video-Play
39,HomeAppliance-Control
40,Video-Play
41,Weather-Query
42,Radio-Listen
43,HomeAppliance-Control
44,Music-Play
45,Radio-Listen
46,Calendar-Query
47,Alarm-Update
48,HomeAppliance-Control
49,HomeAppliance-Control
50,Other
51,Travel-Query
52,FilmTele-Play
53,Weather-Query
54,FilmTele-Play
55,Radio-Listen
56,Calendar-Query
57,Radio-Listen
58,Travel-Query
59,Music-Play
60,Weather-Query
61,Weather-Query
62,FilmTele-Play
63,Radio-Listen
64,Music-Play
65,TVProgram-Play
66,Music-Play
67,Video-Play
68,Music-Play
69,Video-Play
70,FilmTele-Play
71,Music-Play
72,Calendar-Query
73,Calendar-Query
74,Radio-Listen
75,FilmTele-Play
76,Audio-Play
77,Video-Play
78,HomeAppliance-Control
79,Video-Play
80,Alarm-Update
81,FilmTele-Play
82,Travel-Query
83,Music-Play
84,HomeAppliance-Control
85,Weather-Query
86,Video-Play
87,FilmTele-Play
88,Calendar-Query
89,Alarm-Update
90,Music-Play
91,Travel-Query
92,Alarm-Update
93,FilmTele-Play
94,Radio-Listen
95,Music-Play
96,Alarm-Update
97,Calendar-Query
98,Radio-Listen
99,Audio-Play
100,Radio-Listen
101,Other
102,Other
103,Weather-Query
104,Video-Play
105,Audio-Play
106,Alarm-Update
107,FilmTele-Play
108,FilmTele-Play
109,Weather-Query
110,Weather-Query
111,Audio-Play
112,Music-Play
113,HomeAppliance-Control
114,Alarm-Update
115,FilmTele-Play
116,Weather-Query
117,Other
118,TVProgram-Play
119,Calendar-Query
120,Video-Play
121,Video-Play
122,Alarm-Update
123,Calendar-Query
124,Radio-Listen
125,TVProgram-Play
126,TVProgram-Play
127,Travel-Query
128,Audio-Play
129,Alarm-Update
130,Video-Play
131,Calendar-Query
132,Radio-Listen
133,Video-Play
134,Video-Play
135,FilmTele-Play
136,Video-Play
137,Weather-Query
138,Music-Play
139,Music-Play
140,FilmTele-Play
141,Travel-Query
142,Video-Play
143,FilmTele-Play
144,Alarm-Update
145,Video-Play
146,Calendar-Query
147,HomeAppliance-Control
148,Video-Play
149,Weather-Query
150,Alarm-Update
151,FilmTele-Play
152,Travel-Query
153,Music-Play
154,HomeAppliance-Control
155,Radio-Listen
156,Calendar-Query
157,Video-Play
158,Video-Play
159,FilmTele-Play
160,Video-Play
161,Radio-Listen
162,Alarm-Update
163,Weather-Query
164,Audio-Play
165,HomeAppliance-Control
166,Radio-Listen
167,FilmTele-Play
168,Music-Play
169,Travel-Query
170,Calendar-Query
171,Alarm-Update
172,HomeAppliance-Control
173,HomeAppliance-Control
174,Alarm-Update
175,Alarm-Update
176,Weather-Query
177,Calendar-Query
178,HomeAppliance-Control
179,Alarm-Update
180,Video-Play
181,Other
182,Alarm-Update
183,Alarm-Update
184,HomeAppliance-Control
185,Audio-Play
186,HomeAppliance-Control
187,Calendar-Query
188,Audio-Play
189,Music-Play
190,Calendar-Query
191,FilmTele-Play
192,Video-Play
193,Weather-Query
194,TVProgram-Play
195,Other
196,HomeAppliance-Control
197,Music-Play
198,Radio-Listen
199,HomeAppliance-Control
200,Calendar-Query
201,TVProgram-Play
202,Other
203,Radio-Listen
204,FilmTele-Play
205,Other
206,Other
207,Weather-Query
208,Other
209,HomeAppliance-Control
210,Calendar-Query
211,Alarm-Update
212,TVProgram-Play
213,Music-Play
214,HomeAppliance-Control
215,Radio-Listen
216,HomeAppliance-Control
217,HomeAppliance-Control
218,Other
219,Alarm-Update
220,Other
221,Weather-Query
222,HomeAppliance-Control
223,Radio-Listen
224,Music-Play
225,Calendar-Query
226,Music-Play
227,Travel-Query
228,Radio-Listen
229,Radio-Listen
230,Video-Play
231,Video-Play
232,Travel-Query
233,HomeAppliance-Control
234,Radio-Listen
235,Alarm-Update
236,FilmTele-Play
237,Music-Play
238,FilmTele-Play
239,Alarm-Update
240,Radio-Listen
241,Alarm-Update
242,Radio-Listen
243,Weather-Query
244,Video-Play
245,Video-Play
246,FilmTele-Play
247,TVProgram-Play
248,FilmTele-Play
249,TVProgram-Play
250,TVProgram-Play
251,TVProgram-Play
252,Other
253,Alarm-Update
254,Travel-Query
255,Radio-Listen
256,HomeAppliance-Control
257,TVProgram-Play
258,Alarm-Update
259,Alarm-Update
260,Radio-Listen
261,Travel-Query
262,Video-Play
263,Video-Play
264,HomeAppliance-Control
265,Other
266,Video-Play
267,Weather-Query
268,Audio-Play
269,HomeAppliance-Control
270,Weather-Query
271,Alarm-Update
272,Video-Play
273,Radio-Listen
274,Travel-Query
275,Video-Play
276,HomeAppliance-Control
277,HomeAppliance-Control
278,Radio-Listen
279,Alarm-Update
280,Music-Play
281,Music-Play
282,HomeAppliance-Control
283,Travel-Query
284,Music-Play
285,Weather-Query
286,Calendar-Query
287,Weather-Query
288,FilmTele-Play
289,Other
290,Weather-Query
291,TVProgram-Play
292,Alarm-Update
293,Music-Play
294,Video-Play
295,HomeAppliance-Control
296,Video-Play
297,Video-Play
298,Video-Play
299,Radio-Listen
300,HomeAppliance-Control
301,Radio-Listen
302,Weather-Query
303,TVProgram-Play
304,Travel-Query
305,Alarm-Update
306,FilmTele-Play
307,Travel-Query
308,Other
309,Alarm-Update
310,Video-Play
311,Radio-Listen
312,Weather-Query
313,Radio-Listen
314,Video-Play
315,Alarm-Update
316,Weather-Query
317,Weather-Query
318,Calendar-Query
319,Travel-Query
320,Radio-Listen
321,Other
322,TVProgram-Play
323,Calendar-Query
324,Audio-Play
325,Radio-Listen
326,Travel-Query
327,HomeAppliance-Control
328,Music-Play
329,HomeAppliance-Control
330,Other
331,Radio-Listen
332,Radio-Listen
333,Weather-Query
334,FilmTele-Play
335,HomeAppliance-Control
336,TVProgram-Play
337,HomeAppliance-Control
338,Video-Play
339,Music-Play
340,Audio-Play
341,Radio-Listen
342,Video-Play
343,Radio-Listen
344,Music-Play
345,Calendar-Query
346,HomeAppliance-Control
347,Travel-Query
348,Weather-Query
349,Calendar-Query
350,Radio-Listen
351,HomeAppliance-Control
352,FilmTele-Play
353,Radio-Listen
354,Audio-Play
355,Alarm-Update
356,Weather-Query
357,HomeAppliance-Control
358,Radio-Listen
359,Weather-Query
360,Calendar-Query
361,Radio-Listen
362,Other
363,Travel-Query
364,Radio-Listen
365,Video-Play
366,HomeAppliance-Control
367,Radio-Listen
368,FilmTele-Play
369,Radio-Listen
370,Audio-Play
371,Weather-Query
372,Radio-Listen
373,FilmTele-Play
374,Weather-Query
375,Alarm-Update
376,FilmTele-Play
377,HomeAppliance-Control
378,Other
379,Weather-Query
380,Travel-Query
381,Travel-Query
382,Radio-Listen
383,Travel-Query
384,Weather-Query
385,Audio-Play
386,Radio-Listen
387,Weather-Query
388,FilmTele-Play
389,Radio-Listen
390,Audio-Play
391,Audio-Play
392,Travel-Query
393,Audio-Play
394,Alarm-Update
395,TVProgram-Play
396,Audio-Play
397,Video-Play
398,Calendar-Query
399,Calendar-Query
400,TVProgram-Play
401,Other
402,HomeAppliance-Control
403,Music-Play
404,Alarm-Update
405,TVProgram-Play
406,Video-Play
407,Music-Play
408,TVProgram-Play
409,Calendar-Query
410,FilmTele-Play
411,Music-Play
412,Video-Play
413,TVProgram-Play
414,Calendar-Query
415,Weather-Query
416,Alarm-Update
417,Alarm-Update
418,Alarm-Update
419,Radio-Listen
420,FilmTele-Play
421,Audio-Play
422,TVProgram-Play
423,Calendar-Query
424,Music-Play
425,Radio-Listen
426,Other
427,Radio-Listen
428,Radio-Listen
429,Other
430,Radio-Listen
431,Alarm-Update
432,Alarm-Update
433,Travel-Query
434,HomeAppliance-Control
435,Music-Play
436,Video-Play
437,Calendar-Query
438,Weather-Query
439,Alarm-Update
440,Calendar-Query
441,Music-Play
442,FilmTele-Play
443,Weather-Query
444,Alarm-Update
445,Weather-Query
446,Audio-Play
447,Alarm-Update
448,HomeAppliance-Control
449,Audio-Play
450,Radio-Listen
451,Radio-Listen
452,FilmTele-Play
453,Radio-Listen
454,Video-Play
455,TVProgram-Play
456,Radio-Listen
457,Weather-Query
458,Radio-Listen
459,FilmTele-Play
460,Travel-Query
461,Travel-Query
462,TVProgram-Play
463,Weather-Query
464,Music-Play
465,Weather-Query
466,Video-Play
467,Other
468,Video-Play
469,Video-Play
470,FilmTele-Play
471,Music-Play
472,Calendar-Query
473,Calendar-Query
474,Alarm-Update
475,Alarm-Update
476,Video-Play
477,Music-Play
478,Music-Play
479,FilmTele-Play
480,Music-Play
481,Music-Play
482,Radio-Listen
483,FilmTele-Play
484,HomeAppliance-Control
485,HomeAppliance-Control
486,Video-Play
487,FilmTele-Play
488,FilmTele-Play
489,Radio-Listen
490,HomeAppliance-Control
491,Calendar-Query
492,Weather-Query
493,Other
494,Calendar-Query
495,TVProgram-Play
496,Audio-Play
497,Alarm-Update
498,FilmTele-Play
499,TVProgram-Play
500,Video-Play
501,Radio-Listen
502,Weather-Query
503,FilmTele-Play
504,Travel-Query
505,Audio-Play
506,Travel-Query
507,Weather-Query
508,TVProgram-Play
509,Video-Play
510,Video-Play
511,Travel-Query
512,Music-Play
513,Radio-Listen
514,Video-Play
515,HomeAppliance-Control
516,Audio-Play
517,Weather-Query
518,HomeAppliance-Control
519,FilmTele-Play
520,TVProgram-Play
521,Music-Play
522,Music-Play
523,Radio-Listen
524,FilmTele-Play
525,Weather-Query
526,Alarm-Update
527,Video-Play
528,Alarm-Update
529,HomeAppliance-Control
530,Travel-Query
531,Audio-Play
532,Other
533,FilmTele-Play
534,Travel-Query
535,Video-Play
536,Video-Play
537,HomeAppliance-Control
538,Video-Play
539,Other
540,Weather-Query
541,Radio-Listen
542,Calendar-Query
543,Other
544,Weather-Query
545,Audio-Play
546,Radio-Listen
547,Other
548,Radio-Listen
549,Calendar-Query
550,Calendar-Query
551,Weather-Query
552,Travel-Query
553,Radio-Listen
554,Music-Play
555,Radio-Listen
556,Video-Play
557,Other
558,FilmTele-Play
559,HomeAppliance-Control
560,Travel-Query
561,Travel-Query
562,HomeAppliance-Control
563,Alarm-Update
564,Other
565,Music-Play
566,HomeAppliance-Control
567,Video-Play
568,Video-Play
569,Weather-Query
570,Travel-Query
571,Music-Play
572,HomeAppliance-Control
573,Music-Play
574,Video-Play
575,Alarm-Update
576,Audio-Play
577,Alarm-Update
578,FilmTele-Play
579,Calendar-Query
580,Other
581,Calendar-Query
582,Video-Play
583,FilmTele-Play
584,Radio-Listen
585,TVProgram-Play
586,TVProgram-Play
587,Weather-Query
588,Travel-Query
589,TVProgram-Play
590,Music-Play
591,HomeAppliance-Control
592,FilmTele-Play
593,Calendar-Query
594,Other
595,Video-Play
596,Alarm-Update
597,FilmTele-Play
598,FilmTele-Play
599,FilmTele-Play
600,Music-Play
601,Calendar-Query
602,Other
603,Alarm-Update
604,Travel-Query
605,Travel-Query
606,Travel-Query
607,FilmTele-Play
608,Music-Play
609,HomeAppliance-Control
610,FilmTele-Play
611,HomeAppliance-Control
612,Radio-Listen
613,TVProgram-Play
614,HomeAppliance-Control
615,Calendar-Query
616,Calendar-Query
617,Video-Play
618,Other
619,Radio-Listen
620,Weather-Query
621,Travel-Query
622,Audio-Play
623,FilmTele-Play
624,Weather-Query
625,Radio-Listen
626,Travel-Query
627,Video-Play
628,TVProgram-Play
629,Travel-Query
630,Weather-Query
631,Alarm-Update
632,TVProgram-Play
633,FilmTele-Play
634,Weather-Query
635,Travel-Query
636,Other
637,Weather-Query
638,FilmTele-Play
639,Audio-Play
640,Video-Play
641,Weather-Query
642,Audio-Play
643,Radio-Listen
644,Travel-Query
645,Music-Play
646,HomeAppliance-Control
647,Alarm-Update
648,TVProgram-Play
649,Music-Play
650,Weather-Query
651,Other
652,Video-Play
653,Radio-Listen
654,Audio-Play
655,FilmTele-Play
656,HomeAppliance-Control
657,Music-Play
658,HomeAppliance-Control
659,Travel-Query
660,HomeAppliance-Control
661,TVProgram-Play
662,Radio-Listen
663,Calendar-Query
664,FilmTele-Play
665,HomeAppliance-Control
666,Weather-Query
667,FilmTele-Play
668,Radio-Listen
669,Music-Play
670,HomeAppliance-Control
671,Weather-Query
672,TVProgram-Play
673,FilmTele-Play
674,Radio-Listen
675,Video-Play
676,Alarm-Update
677,FilmTele-Play
678,FilmTele-Play
679,Other
680,Alarm-Update
681,Alarm-Update
682,Music-Play
683,Weather-Query
684,Weather-Query
685,FilmTele-Play
686,Radio-Listen
687,HomeAppliance-Control
688,HomeAppliance-Control
689,Radio-Listen
690,FilmTele-Play
691,Calendar-Query
692,Video-Play
693,Travel-Query
694,Calendar-Query
695,TVProgram-Play
696,TVProgram-Play
697,TVProgram-Play
698,Radio-Listen
699,Travel-Query
700,FilmTele-Play
701,HomeAppliance-Control
702,Radio-Listen
703,Audio-Play
704,Travel-Query
705,Radio-Listen
706,Travel-Query
707,Music-Play
708,Radio-Listen
709,HomeAppliance-Control
710,Weather-Query
711,Audio-Play
712,TVProgram-Play
713,Video-Play
714,Calendar-Query
715,Weather-Query
716,TVProgram-Play
717,Alarm-Update
718,Other
719,Travel-Query
720,Video-Play
721,TVProgram-Play
722,HomeAppliance-Control
723,TVProgram-Play
724,Other
725,Alarm-Update
726,HomeAppliance-Control
727,Radio-Listen
728,Weather-Query
729,Travel-Query
730,Radio-Listen
731,Radio-Listen
732,Other
733,HomeAppliance-Control
734,HomeAppliance-Control
735,Audio-Play
736,TVProgram-Play
737,TVProgram-Play
738,TVProgram-Play
739,Radio-Listen
740,Calendar-Query
741,Radio-Listen
742,Video-Play
743,Radio-Listen
744,Alarm-Update
745,Music-Play
746,FilmTele-Play
747,Weather-Query
748,FilmTele-Play
749,Travel-Query
750,Weather-Query
751,HomeAppliance-Control
752,Weather-Query
753,TVProgram-Play
754,Calendar-Query
755,Alarm-Update
756,Music-Play
757,Weather-Query
758,Travel-Query
759,Travel-Query
760,FilmTele-Play
761,Weather-Query
762,Travel-Query
763,Audio-Play
764,FilmTele-Play
765,Travel-Query
766,Video-Play
767,Music-Play
768,Weather-Query
769,Audio-Play
770,TVProgram-Play
771,Radio-Listen
772,Alarm-Update
773,Video-Play
774,TVProgram-Play
775,Calendar-Query
776,Other
777,Video-Play
778,Other
779,Weather-Query
780,Travel-Query
781,Weather-Query
782,TVProgram-Play
783,Audio-Play
784,Travel-Query
785,Video-Play
786,Weather-Query
787,Radio-Listen
788,Music-Play
789,Audio-Play
790,Travel-Query
791,TVProgram-Play
792,Radio-Listen
793,FilmTele-Play
794,Calendar-Query
795,Calendar-Query
796,Travel-Query
797,Calendar-Query
798,Calendar-Query
799,HomeAppliance-Control
800,TVProgram-Play
801,Audio-Play
802,FilmTele-Play
803,FilmTele-Play
804,Audio-Play
805,Radio-Listen
806,FilmTele-Play
807,TVProgram-Play
808,Music-Play
809,Alarm-Update
810,HomeAppliance-Control
811,TVProgram-Play
812,Music-Play
813,Radio-Listen
814,FilmTele-Play
815,Music-Play
816,Video-Play
817,Calendar-Query
818,Other
819,Video-Play
820,FilmTele-Play
821,FilmTele-Play
822,Weather-Query
823,Radio-Listen
824,Weather-Query
825,Alarm-Update
826,FilmTele-Play
827,Weather-Query
828,Weather-Query
829,Alarm-Update
830,Music-Play
831,Video-Play
832,Weather-Query
833,Weather-Query
834,Weather-Query
835,Weather-Query
836,Music-Play
837,Radio-Listen
838,Travel-Query
839,FilmTele-Play
840,Radio-Listen
841,Alarm-Update
842,FilmTele-Play
843,HomeAppliance-Control
844,Music-Play
845,Calendar-Query
846,Audio-Play
847,HomeAppliance-Control
848,FilmTele-Play
849,Travel-Query
850,Weather-Query
851,Video-Play
852,Travel-Query
853,Weather-Query
854,Travel-Query
855,Weather-Query
856,FilmTele-Play
857,TVProgram-Play
858,TVProgram-Play
859,Music-Play
860,Radio-Listen
861,FilmTele-Play
862,Video-Play
863,Alarm-Update
864,TVProgram-Play
865,Alarm-Update
866,Video-Play
867,Music-Play
868,Travel-Query
869,Radio-Listen
870,TVProgram-Play
871,TVProgram-Play
872,Other
873,Travel-Query
874,Radio-Listen
875,Calendar-Query
876,Alarm-Update
877,Radio-Listen
878,Calendar-Query
879,Music-Play
880,Video-Play
881,Other
882,Video-Play
883,Weather-Query
884,FilmTele-Play
885,TVProgram-Play
886,TVProgram-Play
887,Weather-Query
888,Radio-Listen
889,FilmTele-Play
890,Travel-Query
891,Audio-Play
892,Music-Play
893,Weather-Query
894,Music-Play
895,HomeAppliance-Control
896,Radio-Listen
897,Music-Play
898,Weather-Query
899,Alarm-Update
900,FilmTele-Play
901,Music-Play
902,Alarm-Update
903,HomeAppliance-Control
904,Music-Play
905,TVProgram-Play
906,Audio-Play
907,Music-Play
908,Radio-Listen
909,Other
910,Audio-Play
911,Weather-Query
912,Weather-Query
913,Weather-Query
914,Calendar-Query
915,Calendar-Query
916,Other
917,HomeAppliance-Control
918,HomeAppliance-Control
919,Calendar-Query
920,Travel-Query
921,Calendar-Query
922,Calendar-Query
923,Weather-Query
924,Calendar-Query
925,Other
926,Calendar-Query
927,Music-Play
928,Travel-Query
929,Travel-Query
930,Calendar-Query
931,Other
932,Travel-Query
933,Other
934,Travel-Query
935,Calendar-Query
936,Audio-Play
937,Music-Play
938,FilmTele-Play
939,FilmTele-Play
940,Travel-Query
941,Calendar-Query
942,Travel-Query
943,HomeAppliance-Control
944,Video-Play
945,Weather-Query
946,Weather-Query
947,HomeAppliance-Control
948,Alarm-Update
949,FilmTele-Play
950,Weather-Query
951,Audio-Play
952,Music-Play
953,Radio-Listen
954,FilmTele-Play
955,Alarm-Update
956,Weather-Query
957,HomeAppliance-Control
958,Music-Play
959,Weather-Query
960,FilmTele-Play
961,Radio-Listen
962,Alarm-Update
963,Travel-Query
964,Weather-Query
965,Audio-Play
966,Music-Play
967,FilmTele-Play
968,Alarm-Update
969,TVProgram-Play
970,HomeAppliance-Control
971,Video-Play
972,Radio-Listen
973,Audio-Play
974,Weather-Query
975,HomeAppliance-Control
976,Radio-Listen
977,Audio-Play
978,Weather-Query
979,FilmTele-Play
980,FilmTele-Play
981,Weather-Query
982,Audio-Play
983,Other
984,Audio-Play
985,Calendar-Query
986,Weather-Query
987,Alarm-Update
988,Travel-Query
989,Weather-Query
990,Weather-Query
991,TVProgram-Play
992,Other
993,Calendar-Query
994,HomeAppliance-Control
995,Music-Play
996,Travel-Query
997,Other
998,Travel-Query
999,Video-Play
1000,Weather-Query
1001,Calendar-Query
1002,TVProgram-Play
1003,Travel-Query
1004,Alarm-Update
1005,Travel-Query
1006,Radio-Listen
1007,TVProgram-Play
1008,Video-Play
1009,Alarm-Update
1010,Music-Play
1011,Calendar-Query
1012,Other
1013,Music-Play
1014,Calendar-Query
1015,TVProgram-Play
1016,Alarm-Update
1017,Music-Play
1018,Radio-Listen
1019,Video-Play
1020,Music-Play
1021,FilmTele-Play
1022,Other
1023,Radio-Listen
1024,HomeAppliance-Control
1025,Video-Play
1026,Travel-Query
1027,FilmTele-Play
1028,Alarm-Update
1029,Radio-Listen
1030,Music-Play
1031,Alarm-Update
1032,Audio-Play
1033,Alarm-Update
1034,Weather-Query
1035,Radio-Listen
1036,Travel-Query
1037,Audio-Play
1038,Music-Play
1039,Calendar-Query
1040,Music-Play
1041,Weather-Query
1042,FilmTele-Play
1043,Weather-Query
1044,Audio-Play
1045,Video-Play
1046,Radio-Listen
1047,Radio-Listen
1048,Weather-Query
1049,FilmTele-Play
1050,Radio-Listen
1051,Audio-Play
1052,Radio-Listen
1053,Other
1054,FilmTele-Play
1055,Other
1056,FilmTele-Play
1057,Calendar-Query
1058,Radio-Listen
1059,FilmTele-Play
1060,HomeAppliance-Control
1061,Calendar-Query
1062,Other
1063,Alarm-Update
1064,Alarm-Update
1065,FilmTele-Play
1066,TVProgram-Play
1067,Weather-Query
1068,Video-Play
1069,Video-Play
1070,Radio-Listen
1071,Travel-Query
1072,Radio-Listen
1073,Other
1074,FilmTele-Play
1075,FilmTele-Play
1076,HomeAppliance-Control
1077,Calendar-Query
1078,Alarm-Update
1079,Weather-Query
1080,FilmTele-Play
1081,Travel-Query
1082,Alarm-Update
1083,Music-Play
1084,Alarm-Update
1085,Weather-Query
1086,Audio-Play
1087,Weather-Query
1088,Travel-Query
1089,HomeAppliance-Control
1090,Video-Play
1091,Calendar-Query
1092,Alarm-Update
1093,FilmTele-Play
1094,Music-Play
1095,Alarm-Update
1096,HomeAppliance-Control
1097,Music-Play
1098,Travel-Query
1099,Calendar-Query
1100,HomeAppliance-Control
1101,Other
1102,HomeAppliance-Control
1103,Other
1104,Calendar-Query
1105,HomeAppliance-Control
1106,Audio-Play
1107,Alarm-Update
1108,HomeAppliance-Control
1109,Video-Play
1110,TVProgram-Play
1111,Video-Play
1112,Travel-Query
1113,Alarm-Update
1114,Alarm-Update
1115,Calendar-Query
1116,Calendar-Query
1117,Alarm-Update
1118,FilmTele-Play
1119,Radio-Listen
1120,HomeAppliance-Control
1121,Weather-Query
1122,HomeAppliance-Control
1123,Video-Play
1124,Alarm-Update
1125,Music-Play
1126,Other
1127,HomeAppliance-Control
1128,Travel-Query
1129,Alarm-Update
1130,Travel-Query
1131,TVProgram-Play
1132,Weather-Query
1133,Radio-Listen
1134,Radio-Listen
1135,Weather-Query
1136,Alarm-Update
1137,Music-Play
1138,Other
1139,Calendar-Query
1140,Travel-Query
1141,Radio-Listen
1142,Alarm-Update
1143,Calendar-Query
1144,HomeAppliance-Control
1145,Music-Play
1146,Weather-Query
1147,FilmTele-Play
1148,Other
1149,FilmTele-Play
1150,Music-Play
1151,Radio-Listen
1152,Music-Play
1153,HomeAppliance-Control
1154,Radio-Listen
1155,Audio-Play
1156,HomeAppliance-Control
1157,Weather-Query
1158,Radio-Listen
1159,Video-Play
1160,FilmTele-Play
1161,Other
1162,Radio-Listen
1163,Radio-Listen
1164,Weather-Query
1165,HomeAppliance-Control
1166,Audio-Play
1167,FilmTele-Play
1168,Travel-Query
1169,Music-Play
1170,Audio-Play
1171,Alarm-Update
1172,FilmTele-Play
1173,Travel-Query
1174,Radio-Listen
1175,Travel-Query
1176,Music-Play
1177,Music-Play
1178,Travel-Query
1179,Music-Play
1180,Music-Play
1181,Weather-Query
1182,Video-Play
1183,Audio-Play
1184,Radio-Listen
1185,Music-Play
1186,HomeAppliance-Control
1187,HomeAppliance-Control
1188,Travel-Query
1189,FilmTele-Play
1190,Travel-Query
1191,Video-Play
1192,Music-Play
1193,Radio-Listen
1194,Travel-Query
1195,HomeAppliance-Control
1196,HomeAppliance-Control
1197,Radio-Listen
1198,TVProgram-Play
1199,Alarm-Update
1200,Travel-Query
1201,TVProgram-Play
1202,Radio-Listen
1203,Travel-Query
1204,Radio-Listen
1205,Travel-Query
1206,Alarm-Update
1207,Other
1208,Weather-Query
1209,TVProgram-Play
1210,HomeAppliance-Control
1211,Travel-Query
1212,TVProgram-Play
1213,Radio-Listen
1214,Travel-Query
1215,Video-Play
1216,Radio-Listen
1217,Calendar-Query
1218,Music-Play
1219,Other
1220,Calendar-Query
1221,Calendar-Query
1222,Music-Play
1223,TVProgram-Play
1224,TVProgram-Play
1225,Audio-Play
1226,Other
1227,Radio-Listen
1228,Travel-Query
1229,Weather-Query
1230,Travel-Query
1231,Travel-Query
1232,HomeAppliance-Control
1233,Other
1234,Travel-Query
1235,Alarm-Update
1236,FilmTele-Play
1237,FilmTele-Play
1238,HomeAppliance-Control
1239,Other
1240,HomeAppliance-Control
1241,Other
1242,Weather-Query
1243,Weather-Query
1244,Calendar-Query
1245,Weather-Query
1246,Weather-Query
1247,Music-Play
1248,Music-Play
1249,Weather-Query
1250,Radio-Listen
1251,Calendar-Query
1252,Video-Play
1253,HomeAppliance-Control
1254,Radio-Listen
1255,Radio-Listen
1256,Travel-Query
1257,Weather-Query
1258,Weather-Query
1259,HomeAppliance-Control
1260,Video-Play
1261,Video-Play
1262,Weather-Query
1263,FilmTele-Play
1264,Other
1265,Alarm-Update
1266,FilmTele-Play
1267,FilmTele-Play
1268,HomeAppliance-Control
1269,Audio-Play
1270,Other
1271,Video-Play
1272,Audio-Play
1273,Calendar-Query
1274,Travel-Query
1275,Calendar-Query
1276,Music-Play
1277,Other
1278,Music-Play
1279,HomeAppliance-Control
1280,Radio-Listen
1281,Calendar-Query
1282,Audio-Play
1283,Weather-Query
1284,Other
1285,HomeAppliance-Control
1286,FilmTele-Play
1287,Video-Play
1288,Other
1289,Calendar-Query
1290,HomeAppliance-Control
1291,HomeAppliance-Control
1292,Travel-Query
1293,Travel-Query
1294,Alarm-Update
1295,Audio-Play
1296,Video-Play
1297,Music-Play
1298,Travel-Query
1299,HomeAppliance-Control
1300,FilmTele-Play
1301,FilmTele-Play
1302,Weather-Query
1303,Video-Play
1304,Weather-Query
1305,Calendar-Query
1306,TVProgram-Play
1307,Weather-Query
1308,Other
1309,Radio-Listen
1310,Weather-Query
1311,HomeAppliance-Control
1312,TVProgram-Play
1313,HomeAppliance-Control
1314,Video-Play
1315,Music-Play
1316,FilmTele-Play
1317,Alarm-Update
1318,Alarm-Update
1319,Travel-Query
1320,Travel-Query
1321,Alarm-Update
1322,Travel-Query
1323,HomeAppliance-Control
1324,Travel-Query
1325,TVProgram-Play
1326,Audio-Play
1327,Radio-Listen
1328,FilmTele-Play
1329,HomeAppliance-Control
1330,Music-Play
1331,Other
1332,Travel-Query
1333,Weather-Query
1334,Weather-Query
1335,Other
1336,FilmTele-Play
1337,Alarm-Update
1338,Travel-Query
1339,Alarm-Update
1340,Calendar-Query
1341,Calendar-Query
1342,Travel-Query
1343,FilmTele-Play
1344,TVProgram-Play
1345,TVProgram-Play
1346,HomeAppliance-Control
1347,Other
1348,TVProgram-Play
1349,Video-Play
1350,Other
1351,TVProgram-Play
1352,FilmTele-Play
1353,Video-Play
1354,Radio-Listen
1355,Calendar-Query
1356,TVProgram-Play
1357,Radio-Listen
1358,Calendar-Query
1359,FilmTele-Play
1360,Radio-Listen
1361,FilmTele-Play
1362,Alarm-Update
1363,Music-Play
1364,Other
1365,HomeAppliance-Control
1366,TVProgram-Play
1367,FilmTele-Play
1368,Alarm-Update
1369,Music-Play
1370,Travel-Query
1371,Weather-Query
1372,Travel-Query
1373,Weather-Query
1374,Radio-Listen
1375,Calendar-Query
1376,Radio-Listen
1377,TVProgram-Play
1378,Travel-Query
1379,FilmTele-Play
1380,Music-Play
1381,Calendar-Query
1382,TVProgram-Play
1383,TVProgram-Play
1384,Calendar-Query
1385,Radio-Listen
1386,Music-Play
1387,Calendar-Query
1388,Music-Play
1389,HomeAppliance-Control
1390,Radio-Listen
1391,Weather-Query
1392,TVProgram-Play
1393,Alarm-Update
1394,Music-Play
1395,Travel-Query
1396,Weather-Query
1397,Video-Play
1398,FilmTele-Play
1399,Music-Play
1400,Calendar-Query
1401,TVProgram-Play
1402,TVProgram-Play
1403,Video-Play
1404,TVProgram-Play
1405,Video-Play
1406,FilmTele-Play
1407,Radio-Listen
1408,Travel-Query
1409,HomeAppliance-Control
1410,HomeAppliance-Control
1411,Weather-Query
1412,Alarm-Update
1413,Calendar-Query
1414,FilmTele-Play
1415,Calendar-Query
1416,HomeAppliance-Control
1417,Alarm-Update
1418,Audio-Play
1419,Calendar-Query
1420,Alarm-Update
1421,Other
1422,Radio-Listen
1423,Radio-Listen
1424,Music-Play
1425,HomeAppliance-Control
1426,Audio-Play
1427,Weather-Query
1428,Alarm-Update
1429,Travel-Query
1430,Alarm-Update
1431,Weather-Query
1432,HomeAppliance-Control
1433,FilmTele-Play
1434,Calendar-Query
1435,Video-Play
1436,Audio-Play
1437,Calendar-Query
1438,Video-Play
1439,FilmTele-Play
1440,Other
1441,Weather-Query
1442,Weather-Query
1443,Radio-Listen
1444,Radio-Listen
1445,Calendar-Query
1446,FilmTele-Play
1447,HomeAppliance-Control
1448,Travel-Query
1449,Other
1450,FilmTele-Play
1451,FilmTele-Play
1452,TVProgram-Play
1453,Radio-Listen
1454,Calendar-Query
1455,Calendar-Query
1456,Weather-Query
1457,Alarm-Update
1458,TVProgram-Play
1459,Other
1460,Radio-Listen
1461,Video-Play
1462,HomeAppliance-Control
1463,TVProgram-Play
1464,HomeAppliance-Control
1465,Music-Play
1466,Video-Play
1467,Alarm-Update
1468,Audio-Play
1469,Calendar-Query
1470,Weather-Query
1471,Music-Play
1472,Radio-Listen
1473,HomeAppliance-Control
1474,Music-Play
1475,HomeAppliance-Control
1476,Video-Play
1477,Audio-Play
1478,Radio-Listen
1479,Radio-Listen
1480,Travel-Query
1481,HomeAppliance-Control
1482,HomeAppliance-Control
1483,Radio-Listen
1484,Other
1485,TVProgram-Play
1486,HomeAppliance-Control
1487,Other
1488,Travel-Query
1489,Weather-Query
1490,Other
1491,Music-Play
1492,HomeAppliance-Control
1493,Alarm-Update
1494,Calendar-Query
1495,Radio-Listen
1496,Other
1497,Video-Play
1498,Travel-Query
1499,Music-Play
1500,Video-Play
1501,Video-Play
1502,Travel-Query
1503,Other
1504,FilmTele-Play
1505,Calendar-Query
1506,HomeAppliance-Control
1507,Travel-Query
1508,Audio-Play
1509,Music-Play
1510,Alarm-Update
1511,FilmTele-Play
1512,Alarm-Update
1513,Other
1514,TVProgram-Play
1515,FilmTele-Play
1516,Weather-Query
1517,Weather-Query
1518,Video-Play
1519,Alarm-Update
1520,Calendar-Query
1521,Weather-Query
1522,Weather-Query
1523,Video-Play
1524,Calendar-Query
1525,Audio-Play
1526,Music-Play
1527,TVProgram-Play
1528,Travel-Query
1529,Travel-Query
1530,Audio-Play
1531,HomeAppliance-Control
1532,FilmTele-Play
1533,FilmTele-Play
1534,Video-Play
1535,Video-Play
1536,Calendar-Query
1537,Weather-Query
1538,TVProgram-Play
1539,Video-Play
1540,HomeAppliance-Control
1541,FilmTele-Play
1542,Calendar-Query
1543,Radio-Listen
1544,FilmTele-Play
1545,Radio-Listen
1546,TVProgram-Play
1547,Calendar-Query
1548,Video-Play
1549,Travel-Query
1550,Music-Play
1551,Music-Play
1552,Audio-Play
1553,Audio-Play
1554,Other
1555,Weather-Query
1556,Travel-Query
1557,TVProgram-Play
1558,Music-Play
1559,HomeAppliance-Control
1560,Music-Play
1561,Video-Play
1562,Radio-Listen
1563,FilmTele-Play
1564,FilmTele-Play
1565,Alarm-Update
1566,Travel-Query
1567,FilmTele-Play
1568,FilmTele-Play
1569,HomeAppliance-Control
1570,TVProgram-Play
1571,FilmTele-Play
1572,Travel-Query
1573,TVProgram-Play
1574,Audio-Play
1575,TVProgram-Play
1576,Radio-Listen
1577,Travel-Query
1578,Audio-Play
1579,FilmTele-Play
1580,Music-Play
1581,FilmTele-Play
1582,TVProgram-Play
1583,FilmTele-Play
1584,Calendar-Query
1585,Video-Play
1586,FilmTele-Play
1587,Weather-Query
1588,HomeAppliance-Control
1589,Radio-Listen
1590,Weather-Query
1591,Radio-Listen
1592,Other
1593,Calendar-Query
1594,HomeAppliance-Control
1595,Calendar-Query
1596,Alarm-Update
1597,Music-Play
1598,Radio-Listen
1599,Music-Play
1600,Other
1601,Travel-Query
1602,Weather-Query
1603,Calendar-Query
1604,TVProgram-Play
1605,TVProgram-Play
1606,FilmTele-Play
1607,Travel-Query
1608,FilmTele-Play
1609,Travel-Query
1610,Alarm-Update
1611,Travel-Query
1612,HomeAppliance-Control
1613,HomeAppliance-Control
1614,Travel-Query
1615,Video-Play
1616,HomeAppliance-Control
1617,Radio-Listen
1618,HomeAppliance-Control
1619,Audio-Play
1620,Alarm-Update
1621,Music-Play
1622,Radio-Listen
1623,Video-Play
1624,Radio-Listen
1625,Radio-Listen
1626,TVProgram-Play
1627,Video-Play
1628,Calendar-Query
1629,Calendar-Query
1630,Alarm-Update
1631,Audio-Play
1632,HomeAppliance-Control
1633,TVProgram-Play
1634,Alarm-Update
1635,HomeAppliance-Control
1636,Radio-Listen
1637,Music-Play
1638,FilmTele-Play
1639,TVProgram-Play
1640,Video-Play
1641,Travel-Query
1642,Video-Play
1643,Travel-Query
1644,Audio-Play
1645,Other
1646,Radio-Listen
1647,TVProgram-Play
1648,FilmTele-Play
1649,Alarm-Update
1650,Calendar-Query
1651,Calendar-Query
1652,FilmTele-Play
1653,Video-Play
1654,Radio-Listen
1655,Audio-Play
1656,Radio-Listen
1657,Alarm-Update
1658,Video-Play
1659,HomeAppliance-Control
1660,FilmTele-Play
1661,Radio-Listen
1662,Radio-Listen
1663,FilmTele-Play
1664,Alarm-Update
1665,Music-Play
1666,Video-Play
1667,Video-Play
1668,Other
1669,FilmTele-Play
1670,Radio-Listen
1671,Calendar-Query
1672,FilmTele-Play
1673,Weather-Query
1674,FilmTele-Play
1675,Alarm-Update
1676,Alarm-Update
1677,Travel-Query
1678,FilmTele-Play
1679,Alarm-Update
1680,Calendar-Query
1681,Alarm-Update
1682,HomeAppliance-Control
1683,FilmTele-Play
1684,Radio-Listen
1685,Radio-Listen
1686,FilmTele-Play
1687,Weather-Query
1688,Video-Play
1689,Weather-Query
1690,Music-Play
1691,Audio-Play
1692,Radio-Listen
1693,FilmTele-Play
1694,FilmTele-Play
1695,Radio-Listen
1696,Alarm-Update
1697,Other
1698,Travel-Query
1699,Radio-Listen
1700,Radio-Listen
1701,Radio-Listen
1702,HomeAppliance-Control
1703,Calendar-Query
1704,TVProgram-Play
1705,Radio-Listen
1706,Music-Play
1707,Weather-Query
1708,Alarm-Update
1709,Travel-Query
1710,Radio-Listen
1711,TVProgram-Play
1712,Music-Play
1713,Calendar-Query
1714,TVProgram-Play
1715,Radio-Listen
1716,Audio-Play
1717,Travel-Query
1718,Alarm-Update
1719,Music-Play
1720,TVProgram-Play
1721,Alarm-Update
1722,Music-Play
1723,HomeAppliance-Control
1724,Other
1725,Video-Play
1726,HomeAppliance-Control
1727,Calendar-Query
1728,Calendar-Query
1729,TVProgram-Play
1730,Alarm-Update
1731,Calendar-Query
1732,Weather-Query
1733,Weather-Query
1734,Radio-Listen
1735,Video-Play
1736,FilmTele-Play
1737,TVProgram-Play
1738,TVProgram-Play
1739,Travel-Query
1740,Travel-Query
1741,Weather-Query
1742,Radio-Listen
1743,Travel-Query
1744,Weather-Query
1745,Weather-Query
1746,HomeAppliance-Control
1747,Travel-Query
1748,Video-Play
1749,Travel-Query
1750,Music-Play
1751,Calendar-Query
1752,Music-Play
1753,Music-Play
1754,Other
1755,Radio-Listen
1756,Calendar-Query
1757,Weather-Query
1758,Other
1759,Music-Play
1760,Video-Play
1761,Weather-Query
1762,FilmTele-Play
1763,FilmTele-Play
1764,HomeAppliance-Control
1765,Audio-Play
1766,Calendar-Query
1767,FilmTele-Play
1768,Alarm-Update
1769,Audio-Play
1770,Travel-Query
1771,Audio-Play
1772,Radio-Listen
1773,Radio-Listen
1774,Radio-Listen
1775,Radio-Listen
1776,Audio-Play
1777,Music-Play
1778,Audio-Play
1779,Music-Play
1780,HomeAppliance-Control
1781,TVProgram-Play
1782,Weather-Query
1783,HomeAppliance-Control
1784,TVProgram-Play
1785,Video-Play
1786,Travel-Query
1787,Travel-Query
1788,Alarm-Update
1789,Other
1790,Weather-Query
1791,Video-Play
1792,FilmTele-Play
1793,Music-Play
1794,Other
1795,Music-Play
1796,Other
1797,Music-Play
1798,Other
1799,HomeAppliance-Control
1800,HomeAppliance-Control
1801,Audio-Play
1802,Calendar-Query
1803,Audio-Play
1804,Calendar-Query
1805,FilmTele-Play
1806,Radio-Listen
1807,Calendar-Query
1808,HomeAppliance-Control
1809,Calendar-Query
1810,TVProgram-Play
1811,HomeAppliance-Control
1812,TVProgram-Play
1813,Weather-Query
1814,Alarm-Update
1815,Video-Play
1816,Calendar-Query
1817,FilmTele-Play
1818,Music-Play
1819,Video-Play
1820,Music-Play
1821,HomeAppliance-Control
1822,Music-Play
1823,TVProgram-Play
1824,FilmTele-Play
1825,Radio-Listen
1826,Video-Play
1827,HomeAppliance-Control
1828,HomeAppliance-Control
1829,Weather-Query
1830,Music-Play
1831,Music-Play
1832,HomeAppliance-Control
1833,Travel-Query
1834,HomeAppliance-Control
1835,FilmTele-Play
1836,Video-Play
1837,Calendar-Query
1838,Weather-Query
1839,Radio-Listen
1840,Alarm-Update
1841,Weather-Query
1842,Alarm-Update
1843,FilmTele-Play
1844,Calendar-Query
1845,Weather-Query
1846,Video-Play
1847,Audio-Play
1848,HomeAppliance-Control
1849,Weather-Query
1850,TVProgram-Play
1851,FilmTele-Play
1852,Travel-Query
1853,FilmTele-Play
1854,Other
1855,Travel-Query
1856,Alarm-Update
1857,Calendar-Query
1858,Alarm-Update
1859,Music-Play
1860,Music-Play
1861,TVProgram-Play
1862,FilmTele-Play
1863,Radio-Listen
1864,Travel-Query
1865,Radio-Listen
1866,TVProgram-Play
1867,Calendar-Query
1868,Radio-Listen
1869,Video-Play
1870,Alarm-Update
1871,Radio-Listen
1872,Radio-Listen
1873,TVProgram-Play
1874,Video-Play
1875,Music-Play
1876,Radio-Listen
1877,Radio-Listen
1878,Video-Play
1879,Alarm-Update
1880,Alarm-Update
1881,Other
1882,Video-Play
1883,HomeAppliance-Control
1884,Music-Play
1885,Video-Play
1886,FilmTele-Play
1887,Audio-Play
1888,HomeAppliance-Control
1889,Other
1890,Audio-Play
1891,Weather-Query
1892,Other
1893,Calendar-Query
1894,Radio-Listen
1895,Other
1896,Radio-Listen
1897,FilmTele-Play
1898,Weather-Query
1899,Other
1900,Weather-Query
1901,FilmTele-Play
1902,Audio-Play
1903,FilmTele-Play
1904,HomeAppliance-Control
1905,Calendar-Query
1906,Music-Play
1907,Travel-Query
1908,Calendar-Query
1909,Travel-Query
1910,Radio-Listen
1911,HomeAppliance-Control
1912,Other
1913,Radio-Listen
1914,Weather-Query
1915,Audio-Play
1916,TVProgram-Play
1917,Music-Play
1918,Audio-Play
1919,FilmTele-Play
1920,Radio-Listen
1921,Calendar-Query
1922,FilmTele-Play
1923,Alarm-Update
1924,Video-Play
1925,HomeAppliance-Control
1926,Weather-Query
1927,FilmTele-Play
1928,Audio-Play
1929,FilmTele-Play
1930,Weather-Query
1931,Calendar-Query
1932,Travel-Query
1933,Other
1934,Music-Play
1935,Audio-Play
1936,FilmTele-Play
1937,Travel-Query
1938,Other
1939,Calendar-Query
1940,Travel-Query
1941,Calendar-Query
1942,Other
1943,HomeAppliance-Control
1944,Audio-Play
1945,TVProgram-Play
1946,Weather-Query
1947,Video-Play
1948,Travel-Query
1949,FilmTele-Play
1950,Music-Play
1951,Radio-Listen
1952,Music-Play
1953,Audio-Play
1954,HomeAppliance-Control
1955,HomeAppliance-Control
1956,Audio-Play
1957,Music-Play
1958,Weather-Query
1959,HomeAppliance-Control
1960,Music-Play
1961,Weather-Query
1962,HomeAppliance-Control
1963,HomeAppliance-Control
1964,Video-Play
1965,Alarm-Update
1966,Music-Play
1967,FilmTele-Play
1968,HomeAppliance-Control
1969,Travel-Query
1970,FilmTele-Play
1971,FilmTele-Play
1972,Audio-Play
1973,Video-Play
1974,Video-Play
1975,Alarm-Update
1976,Weather-Query
1977,Audio-Play
1978,Travel-Query
1979,Music-Play
1980,HomeAppliance-Control
1981,Music-Play
1982,Video-Play
1983,HomeAppliance-Control
1984,Alarm-Update
1985,Video-Play
1986,Travel-Query
1987,Audio-Play
1988,Travel-Query
1989,Weather-Query
1990,TVProgram-Play
1991,Travel-Query
1992,Music-Play
1993,Video-Play
1994,Music-Play
1995,HomeAppliance-Control
1996,Radio-Listen
1997,TVProgram-Play
1998,Weather-Query
1999,Other
2000,Travel-Query
2001,TVProgram-Play
2002,Calendar-Query
2003,Weather-Query
2004,Calendar-Query
2005,Weather-Query
2006,Video-Play
2007,Calendar-Query
2008,Calendar-Query
2009,Video-Play
2010,Video-Play
2011,Weather-Query
2012,Weather-Query
2013,FilmTele-Play
2014,HomeAppliance-Control
2015,Radio-Listen
2016,TVProgram-Play
2017,Radio-Listen
2018,Alarm-Update
2019,FilmTele-Play
2020,Radio-Listen
2021,Radio-Listen
2022,TVProgram-Play
2023,HomeAppliance-Control
2024,Weather-Query
2025,FilmTele-Play
2026,Weather-Query
2027,Audio-Play
2028,TVProgram-Play
2029,FilmTele-Play
2030,Weather-Query
2031,TVProgram-Play
2032,Travel-Query
2033,Radio-Listen
2034,FilmTele-Play
2035,TVProgram-Play
2036,Music-Play
2037,Calendar-Query
2038,Calendar-Query
2039,HomeAppliance-Control
2040,Other
2041,HomeAppliance-Control
2042,Calendar-Query
2043,Alarm-Update
2044,Calendar-Query
2045,Calendar-Query
2046,Travel-Query
2047,HomeAppliance-Control
2048,TVProgram-Play
2049,FilmTele-Play
2050,Music-Play
2051,Radio-Listen
2052,Music-Play
2053,HomeAppliance-Control
2054,Other
2055,HomeAppliance-Control
2056,Calendar-Query
2057,Video-Play
2058,HomeAppliance-Control
2059,Travel-Query
2060,TVProgram-Play
2061,HomeAppliance-Control
2062,TVProgram-Play
2063,Weather-Query
2064,HomeAppliance-Control
2065,Music-Play
2066,Travel-Query
2067,Other
2068,Video-Play
2069,Alarm-Update
2070,HomeAppliance-Control
2071,Music-Play
2072,TVProgram-Play
2073,Audio-Play
2074,Other
2075,FilmTele-Play
2076,Calendar-Query
2077,HomeAppliance-Control
2078,Calendar-Query
2079,Audio-Play
2080,Other
2081,Calendar-Query
2082,Music-Play
2083,Alarm-Update
2084,FilmTele-Play
2085,Travel-Query
2086,Video-Play
2087,Radio-Listen
2088,Alarm-Update
2089,Music-Play
2090,Alarm-Update
2091,Calendar-Query
2092,Audio-Play
2093,Video-Play
2094,Travel-Query
2095,Music-Play
2096,Radio-Listen
2097,Calendar-Query
2098,FilmTele-Play
2099,Radio-Listen
2100,Alarm-Update
2101,Radio-Listen
2102,Calendar-Query
2103,Music-Play
2104,Radio-Listen
2105,Alarm-Update
2106,Other
2107,Radio-Listen
2108,Music-Play
2109,Music-Play
2110,Weather-Query
2111,Alarm-Update
2112,FilmTele-Play
2113,Weather-Query
2114,Radio-Listen
2115,HomeAppliance-Control
2116,Travel-Query
2117,Other
2118,FilmTele-Play
2119,Audio-Play
2120,HomeAppliance-Control
2121,FilmTele-Play
2122,Audio-Play
2123,TVProgram-Play
2124,FilmTele-Play
2125,FilmTele-Play
2126,Other
2127,Alarm-Update
2128,Audio-Play
2129,Calendar-Query
2130,Music-Play
2131,FilmTele-Play
2132,Travel-Query
2133,Audio-Play
2134,Alarm-Update
2135,Radio-Listen
2136,Audio-Play
2137,Radio-Listen
2138,Music-Play
2139,Video-Play
2140,Music-Play
2141,Music-Play
2142,Video-Play
2143,Alarm-Update
2144,Other
2145,Alarm-Update
2146,Calendar-Query
2147,Travel-Query
2148,Weather-Query
2149,FilmTele-Play
2150,FilmTele-Play
2151,Calendar-Query
2152,Calendar-Query
2153,FilmTele-Play
2154,Video-Play
2155,Video-Play
2156,Other
2157,Audio-Play
2158,Calendar-Query
2159,HomeAppliance-Control
2160,Travel-Query
2161,Other
2162,Calendar-Query
2163,TVProgram-Play
2164,Video-Play
2165,Radio-Listen
2166,TVProgram-Play
2167,Weather-Query
2168,Weather-Query
2169,Radio-Listen
2170,Radio-Listen
2171,Weather-Query
2172,TVProgram-Play
2173,Other
2174,Video-Play
2175,Weather-Query
2176,Travel-Query
2177,Other
2178,Music-Play
2179,HomeAppliance-Control
2180,TVProgram-Play
2181,HomeAppliance-Control
2182,Video-Play
2183,Travel-Query
2184,Other
2185,Weather-Query
2186,Other
2187,Video-Play
2188,TVProgram-Play
2189,Video-Play
2190,Alarm-Update
2191,Calendar-Query
2192,Travel-Query
2193,Radio-Listen
2194,Music-Play
2195,Audio-Play
2196,TVProgram-Play
2197,Travel-Query
2198,HomeAppliance-Control
2199,Alarm-Update
2200,Video-Play
2201,FilmTele-Play
2202,Video-Play
2203,FilmTele-Play
2204,Weather-Query
2205,Travel-Query
2206,Audio-Play
2207,Travel-Query
2208,Other
2209,Music-Play
2210,Audio-Play
2211,Alarm-Update
2212,Video-Play
2213,Travel-Query
2214,Alarm-Update
2215,Travel-Query
2216,FilmTele-Play
2217,Alarm-Update
2218,Video-Play
2219,HomeAppliance-Control
2220,Video-Play
2221,Video-Play
2222,Travel-Query
2223,Travel-Query
2224,Video-Play
2225,Music-Play
2226,HomeAppliance-Control
2227,Alarm-Update
2228,TVProgram-Play
2229,TVProgram-Play
2230,Weather-Query
2231,Audio-Play
2232,Music-Play
2233,FilmTele-Play
2234,Travel-Query
2235,Music-Play
2236,Video-Play
2237,Music-Play
2238,Radio-Listen
2239,Weather-Query
2240,Video-Play
2241,Other
2242,Alarm-Update
2243,Calendar-Query
2244,Audio-Play
2245,Weather-Query
2246,Radio-Listen
2247,HomeAppliance-Control
2248,Audio-Play
2249,Other
2250,Travel-Query
2251,Radio-Listen
2252,Alarm-Update
2253,HomeAppliance-Control
2254,Other
2255,Video-Play
2256,Travel-Query
2257,HomeAppliance-Control
2258,Radio-Listen
2259,FilmTele-Play
2260,HomeAppliance-Control
2261,Video-Play
2262,Video-Play
2263,FilmTele-Play
2264,Radio-Listen
2265,Music-Play
2266,Video-Play
2267,Weather-Query
2268,Audio-Play
2269,Calendar-Query
2270,Audio-Play
2271,Video-Play
2272,Music-Play
2273,Radio-Listen
2274,HomeAppliance-Control
2275,FilmTele-Play
2276,Other
2277,Calendar-Query
2278,FilmTele-Play
2279,Radio-Listen
2280,FilmTele-Play
2281,Calendar-Query
2282,FilmTele-Play
2283,Alarm-Update
2284,FilmTele-Play
2285,Video-Play
2286,Music-Play
2287,Video-Play
2288,Radio-Listen
2289,Video-Play
2290,Calendar-Query
2291,Other
2292,Calendar-Query
2293,HomeAppliance-Control
2294,FilmTele-Play
2295,FilmTele-Play
2296,Weather-Query
2297,HomeAppliance-Control
2298,Calendar-Query
2299,TVProgram-Play
2300,Music-Play
2301,FilmTele-Play
2302,Other
2303,Travel-Query
2304,Weather-Query
2305,Radio-Listen
2306,FilmTele-Play
2307,FilmTele-Play
2308,Radio-Listen
2309,Other
2310,Weather-Query
2311,TVProgram-Play
2312,Video-Play
2313,FilmTele-Play
2314,Audio-Play
2315,HomeAppliance-Control
2316,Travel-Query
2317,Other
2318,FilmTele-Play
2319,HomeAppliance-Control
2320,Alarm-Update
2321,Video-Play
2322,FilmTele-Play
2323,Audio-Play
2324,Weather-Query
2325,Travel-Query
2326,Travel-Query
2327,Music-Play
2328,TVProgram-Play
2329,Music-Play
2330,Audio-Play
2331,Travel-Query
2332,Travel-Query
2333,Music-Play
2334,Video-Play
2335,Radio-Listen
2336,Weather-Query
2337,Video-Play
2338,TVProgram-Play
2339,Radio-Listen
2340,Travel-Query
2341,Radio-Listen
2342,Music-Play
2343,HomeAppliance-Control
2344,Calendar-Query
2345,Calendar-Query
2346,Calendar-Query
2347,Music-Play
2348,Audio-Play
2349,Alarm-Update
2350,Weather-Query
2351,Calendar-Query
2352,Weather-Query
2353,HomeAppliance-Control
2354,Weather-Query
2355,Audio-Play
2356,Calendar-Query
2357,Alarm-Update
2358,HomeAppliance-Control
2359,TVProgram-Play
2360,Music-Play
2361,FilmTele-Play
2362,Video-Play
2363,Music-Play
2364,Other
2365,Audio-Play
2366,TVProgram-Play
2367,Travel-Query
2368,TVProgram-Play
2369,Radio-Listen
2370,Music-Play
2371,Radio-Listen
2372,FilmTele-Play
2373,Audio-Play
2374,Calendar-Query
2375,Radio-Listen
2376,Video-Play
2377,Radio-Listen
2378,Radio-Listen
2379,FilmTele-Play
2380,TVProgram-Play
2381,Alarm-Update
2382,HomeAppliance-Control
2383,Weather-Query
2384,Travel-Query
2385,Other
2386,TVProgram-Play
2387,Alarm-Update
2388,TVProgram-Play
2389,Alarm-Update
2390,Audio-Play
2391,Calendar-Query
2392,Weather-Query
2393,Other
2394,Video-Play
2395,TVProgram-Play
2396,Video-Play
2397,Weather-Query
2398,Audio-Play
2399,Alarm-Update
2400,Other
2401,TVProgram-Play
2402,Music-Play
2403,FilmTele-Play
2404,Video-Play
2405,HomeAppliance-Control
2406,HomeAppliance-Control
2407,Calendar-Query
2408,FilmTele-Play
2409,Weather-Query
2410,TVProgram-Play
2411,Alarm-Update
2412,HomeAppliance-Control
2413,Weather-Query
2414,Music-Play
2415,Calendar-Query
2416,HomeAppliance-Control
2417,TVProgram-Play
2418,Travel-Query
2419,Audio-Play
2420,Radio-Listen
2421,Alarm-Update
2422,Audio-Play
2423,Audio-Play
2424,Radio-Listen
2425,Music-Play
2426,Weather-Query
2427,Radio-Listen
2428,Calendar-Query
2429,HomeAppliance-Control
2430,Calendar-Query
2431,HomeAppliance-Control
2432,HomeAppliance-Control
2433,Music-Play
2434,Alarm-Update
2435,Video-Play
2436,TVProgram-Play
2437,FilmTele-Play
2438,Other
2439,Travel-Query
2440,HomeAppliance-Control
2441,HomeAppliance-Control
2442,Travel-Query
2443,HomeAppliance-Control
2444,Other
2445,HomeAppliance-Control
2446,Video-Play
2447,Travel-Query
2448,HomeAppliance-Control
2449,Alarm-Update
2450,Alarm-Update
2451,Music-Play
2452,Video-Play
2453,Travel-Query
2454,HomeAppliance-Control
2455,Weather-Query
2456,Calendar-Query
2457,Other
2458,FilmTele-Play
2459,TVProgram-Play
2460,Weather-Query
2461,FilmTele-Play
2462,Video-Play
2463,FilmTele-Play
2464,Audio-Play
2465,Radio-Listen
2466,Calendar-Query
2467,Weather-Query
2468,Calendar-Query
2469,Travel-Query
2470,Calendar-Query
2471,Radio-Listen
2472,Music-Play
2473,Music-Play
2474,Travel-Query
2475,Alarm-Update
2476,Calendar-Query
2477,Music-Play
2478,FilmTele-Play
2479,Radio-Listen
2480,FilmTele-Play
2481,Travel-Query
2482,Radio-Listen
2483,Other
2484,Travel-Query
2485,Audio-Play
2486,Music-Play
2487,Video-Play
2488,Video-Play
2489,Alarm-Update
2490,FilmTele-Play
2491,Music-Play
2492,Audio-Play
2493,Calendar-Query
2494,Calendar-Query
2495,Alarm-Update
2496,Radio-Listen
2497,Calendar-Query
2498,Alarm-Update
2499,Calendar-Query
2500,Travel-Query
2501,Weather-Query
2502,TVProgram-Play
2503,Music-Play
2504,FilmTele-Play
2505,Calendar-Query
2506,Audio-Play
2507,Video-Play
2508,Radio-Listen
2509,FilmTele-Play
2510,FilmTele-Play
2511,FilmTele-Play
2512,Music-Play
2513,FilmTele-Play
2514,HomeAppliance-Control
2515,Radio-Listen
2516,Music-Play
2517,Video-Play
2518,Weather-Query
2519,Radio-Listen
2520,Video-Play
2521,Weather-Query
2522,Radio-Listen
2523,FilmTele-Play
2524,Other
2525,HomeAppliance-Control
2526,HomeAppliance-Control
2527,Music-Play
2528,HomeAppliance-Control
2529,Music-Play
2530,TVProgram-Play
2531,Alarm-Update
2532,TVProgram-Play
2533,Video-Play
2534,Other
2535,Calendar-Query
2536,HomeAppliance-Control
2537,Other
2538,FilmTele-Play
2539,Other
2540,Calendar-Query
2541,Audio-Play
2542,Radio-Listen
2543,HomeAppliance-Control
2544,Video-Play
2545,Travel-Query
2546,Audio-Play
2547,FilmTele-Play
2548,Weather-Query
2549,HomeAppliance-Control
2550,Weather-Query
2551,FilmTele-Play
2552,Alarm-Update
2553,TVProgram-Play
2554,Music-Play
2555,TVProgram-Play
2556,FilmTele-Play
2557,Weather-Query
2558,Calendar-Query
2559,TVProgram-Play
2560,FilmTele-Play
2561,Audio-Play
2562,Calendar-Query
2563,Travel-Query
2564,Weather-Query
2565,HomeAppliance-Control
2566,Audio-Play
2567,TVProgram-Play
2568,Calendar-Query
2569,HomeAppliance-Control
2570,TVProgram-Play
2571,Travel-Query
2572,Radio-Listen
2573,HomeAppliance-Control
2574,Other
2575,Alarm-Update
2576,Other
2577,FilmTele-Play
2578,Radio-Listen
2579,Radio-Listen
2580,Video-Play
2581,Other
2582,FilmTele-Play
2583,Other
2584,Video-Play
2585,Weather-Query
2586,Music-Play
2587,Other
2588,Travel-Query
2589,HomeAppliance-Control
2590,FilmTele-Play
2591,Calendar-Query
2592,TVProgram-Play
2593,FilmTele-Play
2594,Music-Play
2595,Other
2596,FilmTele-Play
2597,Other
2598,Radio-Listen
2599,Calendar-Query
2600,Calendar-Query
2601,Video-Play
2602,Radio-Listen
2603,Travel-Query
2604,Weather-Query
2605,Other
2606,Travel-Query
2607,HomeAppliance-Control
2608,Video-Play
2609,Alarm-Update
2610,FilmTele-Play
2611,Other
2612,Music-Play
2613,FilmTele-Play
2614,FilmTele-Play
2615,Other
2616,FilmTele-Play
2617,Calendar-Query
2618,FilmTele-Play
2619,Other
2620,Other
2621,Alarm-Update
2622,Audio-Play
2623,Video-Play
2624,Video-Play
2625,FilmTele-Play
2626,Weather-Query
2627,TVProgram-Play
2628,FilmTele-Play
2629,FilmTele-Play
2630,Travel-Query
2631,Audio-Play
2632,Alarm-Update
2633,Music-Play
2634,Calendar-Query
2635,Alarm-Update
2636,Radio-Listen
2637,Other
2638,HomeAppliance-Control
2639,FilmTele-Play
2640,Calendar-Query
2641,Music-Play
2642,Video-Play
2643,FilmTele-Play
2644,FilmTele-Play
2645,Radio-Listen
2646,FilmTele-Play
2647,Audio-Play
2648,Travel-Query
2649,Alarm-Update
2650,HomeAppliance-Control
2651,Radio-Listen
2652,Music-Play
2653,Weather-Query
2654,Video-Play
2655,Calendar-Query
2656,Travel-Query
2657,Alarm-Update
2658,Weather-Query
2659,Other
2660,Music-Play
2661,TVProgram-Play
2662,Other
2663,Audio-Play
2664,Audio-Play
2665,Weather-Query
2666,HomeAppliance-Control
2667,HomeAppliance-Control
2668,FilmTele-Play
2669,Other
2670,Video-Play
2671,Radio-Listen
2672,Alarm-Update
2673,Weather-Query
2674,Weather-Query
2675,Video-Play
2676,FilmTele-Play
2677,FilmTele-Play
2678,Calendar-Query
2679,Other
2680,Radio-Listen
2681,Other
2682,Calendar-Query
2683,Music-Play
2684,Weather-Query
2685,Alarm-Update
2686,TVProgram-Play
2687,Audio-Play
2688,Calendar-Query
2689,Radio-Listen
2690,Music-Play
2691,Weather-Query
2692,Calendar-Query
2693,Calendar-Query
2694,Weather-Query
2695,Travel-Query
2696,HomeAppliance-Control
2697,Alarm-Update
2698,FilmTele-Play
2699,TVProgram-Play
2700,Audio-Play
2701,FilmTele-Play
2702,Alarm-Update
2703,Radio-Listen
2704,Radio-Listen
2705,Weather-Query
2706,Video-Play
2707,Music-Play
2708,Video-Play
2709,FilmTele-Play
2710,Music-Play
2711,Radio-Listen
2712,Weather-Query
2713,Radio-Listen
2714,Calendar-Query
2715,Travel-Query
2716,Music-Play
2717,Travel-Query
2718,FilmTele-Play
2719,FilmTele-Play
2720,Radio-Listen
2721,Audio-Play
2722,Other
2723,Radio-Listen
2724,Music-Play
2725,Music-Play
2726,Calendar-Query
2727,TVProgram-Play
2728,TVProgram-Play
2729,FilmTele-Play
2730,HomeAppliance-Control
2731,Music-Play
2732,Music-Play
2733,FilmTele-Play
2734,Music-Play
2735,Video-Play
2736,Music-Play
2737,Alarm-Update
2738,Weather-Query
2739,Radio-Listen
2740,HomeAppliance-Control
2741,Radio-Listen
2742,Travel-Query
2743,Video-Play
2744,FilmTele-Play
2745,Other
2746,Radio-Listen
2747,Music-Play
2748,Audio-Play
2749,Audio-Play
2750,HomeAppliance-Control
2751,HomeAppliance-Control
2752,TVProgram-Play
2753,Video-Play
2754,Weather-Query
2755,Radio-Listen
2756,FilmTele-Play
2757,Music-Play
2758,TVProgram-Play
2759,Radio-Listen
2760,Alarm-Update
2761,Radio-Listen
2762,Calendar-Query
2763,Video-Play
2764,Calendar-Query
2765,Weather-Query
2766,HomeAppliance-Control
2767,FilmTele-Play
2768,TVProgram-Play
2769,Video-Play
2770,Travel-Query
2771,Video-Play
2772,Travel-Query
2773,Alarm-Update
2774,TVProgram-Play
2775,Weather-Query
2776,Video-Play
2777,TVProgram-Play
2778,HomeAppliance-Control
2779,Music-Play
2780,Weather-Query
2781,Weather-Query
2782,Weather-Query
2783,Radio-Listen
2784,Radio-Listen
2785,Radio-Listen
2786,Other
2787,FilmTele-Play
2788,Other
2789,Music-Play
2790,Video-Play
2791,Travel-Query
2792,Other
2793,Other
2794,Music-Play
2795,Alarm-Update
2796,Radio-Listen
2797,FilmTele-Play
2798,Alarm-Update
2799,Calendar-Query
2800,Calendar-Query
2801,Radio-Listen
2802,Travel-Query
2803,HomeAppliance-Control
2804,Calendar-Query
2805,Radio-Listen
2806,Video-Play
2807,Video-Play
2808,Audio-Play
2809,TVProgram-Play
2810,Audio-Play
2811,Weather-Query
2812,Weather-Query
2813,Alarm-Update
2814,Audio-Play
2815,Travel-Query
2816,HomeAppliance-Control
2817,FilmTele-Play
2818,HomeAppliance-Control
2819,Audio-Play
2820,HomeAppliance-Control
2821,Weather-Query
2822,Radio-Listen
2823,Weather-Query
2824,Music-Play
2825,Weather-Query
2826,FilmTele-Play
2827,Weather-Query
2828,Calendar-Query
2829,Alarm-Update
2830,Video-Play
2831,Alarm-Update
2832,Music-Play
2833,FilmTele-Play
2834,HomeAppliance-Control
2835,Video-Play
2836,FilmTele-Play
2837,Radio-Listen
2838,Other
2839,Weather-Query
2840,Weather-Query
2841,TVProgram-Play
2842,FilmTele-Play
2843,Audio-Play
2844,Music-Play
2845,Travel-Query
2846,FilmTele-Play
2847,Weather-Query
2848,Weather-Query
2849,Music-Play
2850,Audio-Play
2851,Music-Play
2852,Calendar-Query
2853,Alarm-Update
2854,Calendar-Query
2855,Audio-Play
2856,Weather-Query
2857,Calendar-Query
2858,Music-Play
2859,Other
2860,Radio-Listen
2861,Travel-Query
2862,Weather-Query
2863,Alarm-Update
2864,Calendar-Query
2865,Radio-Listen
2866,Video-Play
2867,Video-Play
2868,Calendar-Query
2869,Calendar-Query
2870,Music-Play
2871,Travel-Query
2872,FilmTele-Play
2873,Alarm-Update
2874,FilmTele-Play
2875,Alarm-Update
2876,Radio-Listen
2877,HomeAppliance-Control
2878,TVProgram-Play
2879,Travel-Query
2880,Radio-Listen
2881,Music-Play
2882,TVProgram-Play
2883,Weather-Query
2884,Music-Play
2885,Radio-Listen
2886,FilmTele-Play
2887,Video-Play
2888,HomeAppliance-Control
2889,Video-Play
2890,Weather-Query
2891,Music-Play
2892,Video-Play
2893,Audio-Play
2894,HomeAppliance-Control
2895,Travel-Query
2896,Radio-Listen
2897,FilmTele-Play
2898,FilmTele-Play
2899,Video-Play
2900,Video-Play
2901,Radio-Listen
2902,Radio-Listen
2903,Travel-Query
2904,HomeAppliance-Control
2905,Alarm-Update
2906,Travel-Query
2907,Travel-Query
2908,Music-Play
2909,HomeAppliance-Control
2910,Radio-Listen
2911,Calendar-Query
2912,Weather-Query
2913,Alarm-Update
2914,Alarm-Update
2915,FilmTele-Play
2916,FilmTele-Play
2917,HomeAppliance-Control
2918,FilmTele-Play
2919,Travel-Query
2920,HomeAppliance-Control
2921,Radio-Listen
2922,FilmTele-Play
2923,Travel-Query
2924,Travel-Query
2925,Weather-Query
2926,Weather-Query
2927,Video-Play
2928,Radio-Listen
2929,FilmTele-Play
2930,FilmTele-Play
2931,Audio-Play
2932,Radio-Listen
2933,Alarm-Update
2934,Weather-Query
2935,Other
2936,Video-Play
2937,Other
2938,HomeAppliance-Control
2939,HomeAppliance-Control
2940,TVProgram-Play
2941,Video-Play
2942,Music-Play
2943,Calendar-Query
2944,Music-Play
2945,Alarm-Update
2946,Travel-Query
2947,HomeAppliance-Control
2948,HomeAppliance-Control
2949,Weather-Query
2950,Weather-Query
2951,Audio-Play
2952,HomeAppliance-Control
2953,FilmTele-Play
2954,FilmTele-Play
2955,Music-Play
2956,Weather-Query
2957,Weather-Query
2958,Weather-Query
2959,Weather-Query
2960,Weather-Query
2961,Video-Play
2962,Audio-Play
2963,Radio-Listen
2964,Calendar-Query
2965,Radio-Listen
2966,HomeAppliance-Control
2967,Music-Play
2968,Video-Play
2969,TVProgram-Play
2970,Music-Play
2971,TVProgram-Play
2972,Video-Play
2973,Alarm-Update
2974,Video-Play
2975,Video-Play
2976,Alarm-Update
2977,FilmTele-Play
2978,Radio-Listen
2979,FilmTele-Play
2980,Travel-Query
2981,Radio-Listen
2982,TVProgram-Play
2983,Audio-Play
2984,FilmTele-Play
2985,Other
2986,Weather-Query
2987,HomeAppliance-Control
2988,Radio-Listen
2989,Travel-Query
2990,Radio-Listen
2991,FilmTele-Play
2992,Music-Play
2993,Audio-Play
2994,Other
2995,Calendar-Query
2996,Music-Play
2997,TVProgram-Play
2998,Music-Play
2999,Video-Play
3000,Music-Play
